algorithm,instance,config,seed,seconds,f1,f2
vega,cap61,C1,42,0.298,22500.0,1713744.2375
vega,cap61,C1,42,0.298,30000.0,990965.0875
vega,cap61,C1,42,0.298,37500.0,953854.875
vega,cap61,C1,42,0.298,45000.0,917076.3875
vega,cap61,C1,42,0.298,52500.0,914781.45
vega,cap61,C1,42,0.298,67500.0,885852.125
vega,cap61,C1,42,0.298,82500.0,855658.1124999999
vega,cap61,C1,43,0.293,22500.0,1187935.55
vega,cap61,C1,43,0.293,30000.0,1071536.4375
vega,cap61,C1,43,0.293,37500.0,937051.5
vega,cap61,C1,43,0.293,60000.0,896480.0875
vega,cap61,C1,43,0.293,67500.0,878549.2
vega,cap61,C1,44,0.308,22500.0,1336181.0625
vega,cap61,C1,44,0.308,30000.0,1010779.4
vega,cap61,C1,44,0.308,37500.0,993862.575
vega,cap61,C1,44,0.308,45000.0,931258.2875
vega,cap61,C1,44,0.308,52500.0,919598.3125
vega,cap61,C1,45,0.282,22500.0,1463955.9375
vega,cap61,C1,45,0.282,30000.0,1137856.6
vega,cap61,C1,45,0.282,37500.0,932018.6625
vega,cap61,C1,45,0.282,52500.0,925940.4249999999
vega,cap61,C1,45,0.282,60000.0,885301.95
vega,cap61,C1,45,0.282,90000.0,871950.3375
vega,cap61,C1,46,0.282,22500.0,1518483.025
vega,cap61,C1,46,0.282,30000.0,1136196.675
vega,cap61,C1,46,0.282,37500.0,966929.375
vega,cap61,C1,46,0.282,45000.0,927416.8875
vega,cap61,C1,46,0.282,52500.0,910349.6
vega,cap61,C1,46,0.282,67500.0,880496.9625
vega,cap61,C1,46,0.282,75000.0,872026.8875
vega,cap61,C1,47,0.316,22500.0,1725970.7625
vega,cap61,C1,47,0.316,30000.0,1229410.775
vega,cap61,C1,47,0.316,37500.0,1019708.6625
vega,cap61,C1,47,0.316,45000.0,938898.1125
vega,cap61,C1,47,0.316,52500.0,931639.9874999999
vega,cap61,C1,47,0.316,60000.0,907529.2125
vega,cap61,C1,47,0.316,75000.0,885049.6875
vega,cap61,C1,48,0.287,22500.0,1332838.975
vega,cap61,C1,48,0.287,30000.0,1291040.9
vega,cap61,C1,48,0.287,37500.0,990013.3624999999
vega,cap61,C1,48,0.287,45000.0,923894.6
vega,cap61,C1,48,0.287,60000.0,894069.0375
vega,cap61,C1,48,0.287,75000.0,867875.975
vega,cap61,C1,49,0.264,22500.0,1170982.675
vega,cap61,C1,49,0.264,30000.0,1136435.1875
vega,cap61,C1,49,0.264,37500.0,1020483.8624999999
vega,cap61,C1,49,0.264,45000.0,929082.8375
vega,cap61,C1,49,0.264,52500.0,918389.0125
vega,cap61,C1,49,0.264,60000.0,907759.4874999999
vega,cap61,C1,50,0.315,22500.0,1478889.4875
vega,cap61,C1,50,0.315,30000.0,1102733.225
vega,cap61,C1,50,0.315,37500.0,1028494.1875
vega,cap61,C1,50,0.315,45000.0,927537.35
vega,cap61,C1,50,0.315,67500.0,892145.3375
vega,cap61,C1,50,0.315,75000.0,885035.475
vega,cap61,C1,51,0.292,22500.0,1520988.3125
vega,cap61,C1,51,0.292,30000.0,1198356.9
vega,cap61,C1,51,0.292,37500.0,1104817.4875
vega,cap61,C1,51,0.292,45000.0,923251.2875
vega,cap61,C1,51,0.292,52500.0,915504.3125
vega,cap61,C1,51,0.292,60000.0,906261.7999999999
nsga2,cap61,C1,42,0.29,22500.0,1106041.975
nsga2,cap61,C1,42,0.29,30000.0,955801.2374999999
nsga2,cap61,C1,42,0.29,37500.0,931944.5375
nsga2,cap61,C1,42,0.29,45000.0,911655.7374999999
nsga2,cap61,C1,42,0.29,52500.0,891599.6124999999
nsga2,cap61,C1,42,0.29,60000.0,877799.4
nsga2,cap61,C1,42,0.29,67500.0,866376.2999999999
nsga2,cap61,C1,42,0.29,75000.0,857615.75
nsga2,cap61,C1,42,0.29,82500.0,851068.9
nsga2,cap61,C1,42,0.29,90000.0,846638.65
nsga2,cap61,C1,42,0.29,97500.0,842886.1
nsga2,cap61,C1,42,0.29,105000.0,839927.825
nsga2,cap61,C1,42,0.29,112500.0,837970.1875
nsga2,cap61,C1,43,0.259,22500.0,1106041.975
nsga2,cap61,C1,43,0.259,30000.0,955801.2374999999
nsga2,cap61,C1,43,0.259,37500.0,931944.5375
nsga2,cap61,C1,43,0.259,45000.0,911655.7374999999
nsga2,cap61,C1,43,0.259,52500.0,891599.6124999999
nsga2,cap61,C1,43,0.259,60000.0,877799.4
nsga2,cap61,C1,43,0.259,67500.0,866376.2999999999
nsga2,cap61,C1,43,0.259,75000.0,857615.75
nsga2,cap61,C1,43,0.259,82500.0,851068.9
nsga2,cap61,C1,43,0.259,90000.0,846638.65
nsga2,cap61,C1,43,0.259,97500.0,842886.1
nsga2,cap61,C1,43,0.259,105000.0,839927.825
nsga2,cap61,C1,43,0.259,112500.0,837970.1875
nsga2,cap61,C1,44,0.229,22500.0,1106041.975
nsga2,cap61,C1,44,0.229,30000.0,955801.2374999999
nsga2,cap61,C1,44,0.229,37500.0,931944.5375
nsga2,cap61,C1,44,0.229,45000.0,911655.7374999999
nsga2,cap61,C1,44,0.229,52500.0,891599.6124999999
nsga2,cap61,C1,44,0.229,60000.0,877799.4
nsga2,cap61,C1,44,0.229,67500.0,866376.2999999999
nsga2,cap61,C1,44,0.229,75000.0,857615.75
nsga2,cap61,C1,44,0.229,82500.0,851068.9
nsga2,cap61,C1,44,0.229,90000.0,846638.65
nsga2,cap61,C1,44,0.229,97500.0,842886.1
nsga2,cap61,C1,44,0.229,105000.0,839927.825
nsga2,cap61,C1,44,0.229,112500.0,837970.1875
nsga2,cap61,C1,45,0.241,22500.0,1106041.975
nsga2,cap61,C1,45,0.241,30000.0,955801.2374999999
nsga2,cap61,C1,45,0.241,37500.0,931944.5375
nsga2,cap61,C1,45,0.241,45000.0,911655.7374999999
nsga2,cap61,C1,45,0.241,52500.0,891599.6124999999
nsga2,cap61,C1,45,0.241,60000.0,877799.4
nsga2,cap61,C1,45,0.241,67500.0,866376.2999999999
nsga2,cap61,C1,45,0.241,75000.0,857615.75
nsga2,cap61,C1,45,0.241,82500.0,851068.9
nsga2,cap61,C1,45,0.241,90000.0,846638.65
nsga2,cap61,C1,45,0.241,97500.0,842886.1
nsga2,cap61,C1,45,0.241,105000.0,839927.825
nsga2,cap61,C1,45,0.241,112500.0,837970.1875
nsga2,cap61,C1,46,0.234,22500.0,1106041.975
nsga2,cap61,C1,46,0.234,30000.0,955801.2374999999
nsga2,cap61,C1,46,0.234,37500.0,931944.5375
nsga2,cap61,C1,46,0.234,45000.0,911655.7374999999
nsga2,cap61,C1,46,0.234,52500.0,891599.6124999999
nsga2,cap61,C1,46,0.234,60000.0,877799.4
nsga2,cap61,C1,46,0.234,67500.0,866376.2999999999
nsga2,cap61,C1,46,0.234,75000.0,857615.75
nsga2,cap61,C1,46,0.234,82500.0,851068.9
nsga2,cap61,C1,46,0.234,90000.0,846638.65
nsga2,cap61,C1,46,0.234,97500.0,842886.1
nsga2,cap61,C1,46,0.234,105000.0,839927.825
nsga2,cap61,C1,46,0.234,112500.0,837970.1875
nsga2,cap61,C1,47,0.236,22500.0,1106041.975
nsga2,cap61,C1,47,0.236,30000.0,955801.2374999999
nsga2,cap61,C1,47,0.236,37500.0,931944.5375
nsga2,cap61,C1,47,0.236,45000.0,911655.7374999999
nsga2,cap61,C1,47,0.236,52500.0,891599.6124999999
nsga2,cap61,C1,47,0.236,60000.0,877799.4
nsga2,cap61,C1,47,0.236,67500.0,866376.2999999999
nsga2,cap61,C1,47,0.236,75000.0,857615.75
nsga2,cap61,C1,47,0.236,82500.0,851068.9
nsga2,cap61,C1,47,0.236,90000.0,846638.65
nsga2,cap61,C1,47,0.236,97500.0,842886.1
nsga2,cap61,C1,47,0.236,105000.0,839927.825
nsga2,cap61,C1,47,0.236,112500.0,837970.1875
nsga2,cap61,C1,48,0.226,22500.0,1106041.975
nsga2,cap61,C1,48,0.226,30000.0,955801.2374999999
nsga2,cap61,C1,48,0.226,37500.0,931944.5375
nsga2,cap61,C1,48,0.226,45000.0,911655.7374999999
nsga2,cap61,C1,48,0.226,52500.0,891599.6124999999
nsga2,cap61,C1,48,0.226,60000.0,877799.4
nsga2,cap61,C1,48,0.226,67500.0,866376.2999999999
nsga2,cap61,C1,48,0.226,75000.0,857615.75
nsga2,cap61,C1,48,0.226,82500.0,851068.9
nsga2,cap61,C1,48,0.226,90000.0,846638.65
nsga2,cap61,C1,48,0.226,97500.0,842886.1
nsga2,cap61,C1,48,0.226,105000.0,839927.825
nsga2,cap61,C1,48,0.226,112500.0,837970.1875
nsga2,cap61,C1,49,0.228,22500.0,1106041.975
nsga2,cap61,C1,49,0.228,30000.0,955801.2374999999
nsga2,cap61,C1,49,0.228,37500.0,931944.5375
nsga2,cap61,C1,49,0.228,45000.0,911655.7374999999
nsga2,cap61,C1,49,0.228,52500.0,891599.6124999999
nsga2,cap61,C1,49,0.228,60000.0,877799.4
nsga2,cap61,C1,49,0.228,67500.0,866376.2999999999
nsga2,cap61,C1,49,0.228,75000.0,857615.75
nsga2,cap61,C1,49,0.228,82500.0,851068.9
nsga2,cap61,C1,49,0.228,90000.0,846638.65
nsga2,cap61,C1,49,0.228,97500.0,842886.1
nsga2,cap61,C1,49,0.228,105000.0,839927.825
nsga2,cap61,C1,49,0.228,112500.0,837970.1875
nsga2,cap61,C1,50,0.247,22500.0,1106041.975
nsga2,cap61,C1,50,0.247,30000.0,955801.2374999999
nsga2,cap61,C1,50,0.247,37500.0,931944.5375
nsga2,cap61,C1,50,0.247,45000.0,911655.7374999999
nsga2,cap61,C1,50,0.247,52500.0,891599.6124999999
nsga2,cap61,C1,50,0.247,60000.0,877799.4
nsga2,cap61,C1,50,0.247,67500.0,866376.2999999999
nsga2,cap61,C1,50,0.247,75000.0,857615.75
nsga2,cap61,C1,50,0.247,82500.0,851068.9
nsga2,cap61,C1,50,0.247,90000.0,846638.65
nsga2,cap61,C1,50,0.247,97500.0,842886.1
nsga2,cap61,C1,50,0.247,105000.0,839927.825
nsga2,cap61,C1,50,0.247,112500.0,837970.1875
nsga2,cap61,C1,51,0.235,22500.0,1106041.975
nsga2,cap61,C1,51,0.235,30000.0,955801.2374999999
nsga2,cap61,C1,51,0.235,37500.0,931944.5375
nsga2,cap61,C1,51,0.235,45000.0,911655.7374999999
nsga2,cap61,C1,51,0.235,52500.0,891599.6124999999
nsga2,cap61,C1,51,0.235,60000.0,877799.4
nsga2,cap61,C1,51,0.235,67500.0,866376.2999999999
nsga2,cap61,C1,51,0.235,75000.0,857615.75
nsga2,cap61,C1,51,0.235,82500.0,851068.9
nsga2,cap61,C1,51,0.235,90000.0,846638.65
nsga2,cap61,C1,51,0.235,97500.0,842886.1
nsga2,cap61,C1,51,0.235,105000.0,839927.825
nsga2,cap61,C1,51,0.235,112500.0,837970.1875
vega,cap61,C2,42,0.994,22500.0,1300376.7125
vega,cap61,C2,42,0.994,30000.0,1067339.225
vega,cap61,C2,42,0.994,37500.0,996598.2
vega,cap61,C2,42,0.994,45000.0,935313.225
vega,cap61,C2,42,0.994,52500.0,928905.875
vega,cap61,C2,42,0.994,60000.0,918193.2125
vega,cap61,C2,42,0.994,67500.0,893818.2125
vega,cap61,C2,42,0.994,75000.0,867126.1
vega,cap61,C2,43,0.925,22500.0,1208991.35
vega,cap61,C2,43,0.925,30000.0,1100903.275
vega,cap61,C2,43,0.925,37500.0,984893.775
vega,cap61,C2,43,0.925,45000.0,922460.7625
vega,cap61,C2,43,0.925,52500.0,912019.8125
vega,cap61,C2,43,0.925,67500.0,888395.1124999999
vega,cap61,C2,43,0.925,75000.0,874945.6124999999
vega,cap61,C2,44,0.927,22500.0,1171406.55
vega,cap61,C2,44,0.927,30000.0,1089527.75
vega,cap61,C2,44,0.927,37500.0,962046.45
vega,cap61,C2,44,0.927,45000.0,938484.0499999999
vega,cap61,C2,44,0.927,52500.0,906528.0375
vega,cap61,C2,44,0.927,75000.0,877722.1749999999
vega,cap61,C2,45,0.927,22500.0,1171989.825
vega,cap61,C2,45,0.927,30000.0,1065537.6625
vega,cap61,C2,45,0.927,37500.0,958738.425
vega,cap61,C2,45,0.927,45000.0,932307.2125
vega,cap61,C2,45,0.927,52500.0,921720.6124999999
vega,cap61,C2,45,0.927,60000.0,910227.5375
vega,cap61,C2,45,0.927,67500.0,900596.2875
vega,cap61,C2,46,0.976,22500.0,1150894.35
vega,cap61,C2,46,0.976,30000.0,1010779.4
vega,cap61,C2,46,0.976,45000.0,977120.95
vega,cap61,C2,46,0.976,52500.0,933073.2625
vega,cap61,C2,46,0.976,60000.0,888604.4249999999
vega,cap61,C2,47,0.891,22500.0,1567506.4375
vega,cap61,C2,47,0.891,30000.0,1054142.6875
vega,cap61,C2,47,0.891,37500.0,988301.4249999999
vega,cap61,C2,47,0.891,45000.0,916512.1625
vega,cap61,C2,47,0.891,60000.0,898660.325
vega,cap61,C2,47,0.891,67500.0,881492.4625
vega,cap61,C2,48,0.944,22500.0,1153279.4125
vega,cap61,C2,48,0.944,30000.0,1010779.4
vega,cap61,C2,48,0.944,45000.0,925681.4249999999
vega,cap61,C2,48,0.944,52500.0,900539.4375
vega,cap61,C2,48,0.944,60000.0,896032.65
vega,cap61,C2,48,0.944,82500.0,892665.5375
vega,cap61,C2,49,0.923,22500.0,1248202.9875
vega,cap61,C2,49,0.923,30000.0,1095654.3125
vega,cap61,C2,49,0.923,37500.0,971365.225
vega,cap61,C2,49,0.923,45000.0,922308.2625
vega,cap61,C2,49,0.923,60000.0,903697.3125
vega,cap61,C2,49,0.923,67500.0,885156.875
vega,cap61,C2,50,0.956,22500.0,1340362.2625
vega,cap61,C2,50,0.956,30000.0,984116.325
vega,cap61,C2,50,0.956,37500.0,966988.575
vega,cap61,C2,50,0.956,45000.0,923251.2875
vega,cap61,C2,50,0.956,60000.0,912917.85
vega,cap61,C2,50,0.956,67500.0,888371.875
vega,cap61,C2,50,0.956,75000.0,879243.275
vega,cap61,C2,50,0.956,82500.0,863614.15
vega,cap61,C2,51,0.745,22500.0,1166837.025
vega,cap61,C2,51,0.745,30000.0,1113419.3625
vega,cap61,C2,51,0.745,37500.0,971358.4875
vega,cap61,C2,51,0.745,45000.0,943434.6
vega,cap61,C2,51,0.745,52500.0,925833.3125
vega,cap61,C2,51,0.745,60000.0,900809.325
vega,cap61,C2,51,0.745,75000.0,887915.1
nsga2,cap61,C2,42,0.84,22500.0,1106041.975
nsga2,cap61,C2,42,0.84,30000.0,955801.2374999999
nsga2,cap61,C2,42,0.84,37500.0,931944.5375
nsga2,cap61,C2,42,0.84,45000.0,911655.7374999999
nsga2,cap61,C2,42,0.84,52500.0,891599.6124999999
nsga2,cap61,C2,42,0.84,60000.0,877799.4
nsga2,cap61,C2,42,0.84,67500.0,866376.2999999999
nsga2,cap61,C2,42,0.84,75000.0,857615.75
nsga2,cap61,C2,42,0.84,82500.0,851068.9
nsga2,cap61,C2,42,0.84,90000.0,846638.65
nsga2,cap61,C2,42,0.84,97500.0,842886.1
nsga2,cap61,C2,42,0.84,105000.0,839927.825
nsga2,cap61,C2,42,0.84,112500.0,837970.1875
nsga2,cap61,C2,43,0.905,22500.0,1106041.975
nsga2,cap61,C2,43,0.905,30000.0,955801.2374999999
nsga2,cap61,C2,43,0.905,37500.0,931944.5375
nsga2,cap61,C2,43,0.905,45000.0,911655.7374999999
nsga2,cap61,C2,43,0.905,52500.0,891599.6124999999
nsga2,cap61,C2,43,0.905,60000.0,877799.4
nsga2,cap61,C2,43,0.905,67500.0,866376.2999999999
nsga2,cap61,C2,43,0.905,75000.0,857615.75
nsga2,cap61,C2,43,0.905,82500.0,851068.9
nsga2,cap61,C2,43,0.905,90000.0,846638.65
nsga2,cap61,C2,43,0.905,97500.0,842886.1
nsga2,cap61,C2,43,0.905,105000.0,839927.825
nsga2,cap61,C2,43,0.905,112500.0,837970.1875
nsga2,cap61,C2,44,0.782,22500.0,1106041.975
nsga2,cap61,C2,44,0.782,30000.0,955801.2374999999
nsga2,cap61,C2,44,0.782,37500.0,931944.5375
nsga2,cap61,C2,44,0.782,45000.0,911655.7374999999
nsga2,cap61,C2,44,0.782,52500.0,891599.6124999999
nsga2,cap61,C2,44,0.782,60000.0,877799.4
nsga2,cap61,C2,44,0.782,67500.0,866376.2999999999
nsga2,cap61,C2,44,0.782,75000.0,857615.75
nsga2,cap61,C2,44,0.782,82500.0,851068.9
nsga2,cap61,C2,44,0.782,90000.0,846638.65
nsga2,cap61,C2,44,0.782,97500.0,842886.1
nsga2,cap61,C2,44,0.782,105000.0,839927.825
nsga2,cap61,C2,44,0.782,112500.0,837970.1875
nsga2,cap61,C2,45,0.73,22500.0,1106041.975
nsga2,cap61,C2,45,0.73,30000.0,955801.2374999999
nsga2,cap61,C2,45,0.73,37500.0,931944.5375
nsga2,cap61,C2,45,0.73,45000.0,911655.7374999999
nsga2,cap61,C2,45,0.73,52500.0,891599.6124999999
nsga2,cap61,C2,45,0.73,60000.0,877799.4
nsga2,cap61,C2,45,0.73,67500.0,866376.2999999999
nsga2,cap61,C2,45,0.73,75000.0,857615.75
nsga2,cap61,C2,45,0.73,82500.0,851068.9
nsga2,cap61,C2,45,0.73,90000.0,846638.65
nsga2,cap61,C2,45,0.73,97500.0,842886.1
nsga2,cap61,C2,45,0.73,105000.0,839927.825
nsga2,cap61,C2,45,0.73,112500.0,837970.1875
nsga2,cap61,C2,46,0.718,22500.0,1106041.975
nsga2,cap61,C2,46,0.718,30000.0,955801.2374999999
nsga2,cap61,C2,46,0.718,37500.0,931944.5375
nsga2,cap61,C2,46,0.718,45000.0,911655.7374999999
nsga2,cap61,C2,46,0.718,52500.0,891599.6124999999
nsga2,cap61,C2,46,0.718,60000.0,877799.4
nsga2,cap61,C2,46,0.718,67500.0,866376.2999999999
nsga2,cap61,C2,46,0.718,75000.0,857615.75
nsga2,cap61,C2,46,0.718,82500.0,851068.9
nsga2,cap61,C2,46,0.718,90000.0,846638.65
nsga2,cap61,C2,46,0.718,97500.0,842886.1
nsga2,cap61,C2,46,0.718,105000.0,839927.825
nsga2,cap61,C2,46,0.718,112500.0,837970.1875
nsga2,cap61,C2,47,0.728,22500.0,1106041.975
nsga2,cap61,C2,47,0.728,30000.0,955801.2374999999
nsga2,cap61,C2,47,0.728,37500.0,931944.5375
nsga2,cap61,C2,47,0.728,45000.0,911655.7374999999
nsga2,cap61,C2,47,0.728,52500.0,891599.6124999999
nsga2,cap61,C2,47,0.728,60000.0,877799.4
nsga2,cap61,C2,47,0.728,67500.0,866376.2999999999
nsga2,cap61,C2,47,0.728,75000.0,857615.75
nsga2,cap61,C2,47,0.728,82500.0,851068.9
nsga2,cap61,C2,47,0.728,90000.0,846638.65
nsga2,cap61,C2,47,0.728,97500.0,842886.1
nsga2,cap61,C2,47,0.728,105000.0,839927.825
nsga2,cap61,C2,47,0.728,112500.0,837970.1875
nsga2,cap61,C2,48,0.752,22500.0,1106041.975
nsga2,cap61,C2,48,0.752,30000.0,955801.2374999999
nsga2,cap61,C2,48,0.752,37500.0,931944.5375
nsga2,cap61,C2,48,0.752,45000.0,911655.7374999999
nsga2,cap61,C2,48,0.752,52500.0,891599.6124999999
nsga2,cap61,C2,48,0.752,60000.0,877799.4
nsga2,cap61,C2,48,0.752,67500.0,866376.2999999999
nsga2,cap61,C2,48,0.752,75000.0,857615.75
nsga2,cap61,C2,48,0.752,82500.0,851068.9
nsga2,cap61,C2,48,0.752,90000.0,846638.65
nsga2,cap61,C2,48,0.752,97500.0,842886.1
nsga2,cap61,C2,48,0.752,105000.0,839927.825
nsga2,cap61,C2,48,0.752,112500.0,837970.1875
nsga2,cap61,C2,49,0.719,22500.0,1106041.975
nsga2,cap61,C2,49,0.719,30000.0,955801.2374999999
nsga2,cap61,C2,49,0.719,37500.0,931944.5375
nsga2,cap61,C2,49,0.719,45000.0,911655.7374999999
nsga2,cap61,C2,49,0.719,52500.0,891599.6124999999
nsga2,cap61,C2,49,0.719,60000.0,877799.4
nsga2,cap61,C2,49,0.719,67500.0,866376.2999999999
nsga2,cap61,C2,49,0.719,75000.0,857615.75
nsga2,cap61,C2,49,0.719,82500.0,851068.9
nsga2,cap61,C2,49,0.719,90000.0,846638.65
nsga2,cap61,C2,49,0.719,97500.0,842886.1
nsga2,cap61,C2,49,0.719,105000.0,839927.825
nsga2,cap61,C2,49,0.719,112500.0,837970.1875
nsga2,cap61,C2,50,0.718,22500.0,1106041.975
nsga2,cap61,C2,50,0.718,30000.0,955801.2374999999
nsga2,cap61,C2,50,0.718,37500.0,931944.5375
nsga2,cap61,C2,50,0.718,45000.0,911655.7374999999
nsga2,cap61,C2,50,0.718,52500.0,891599.6124999999
nsga2,cap61,C2,50,0.718,60000.0,877799.4
nsga2,cap61,C2,50,0.718,67500.0,866376.2999999999
nsga2,cap61,C2,50,0.718,75000.0,857615.75
nsga2,cap61,C2,50,0.718,82500.0,851068.9
nsga2,cap61,C2,50,0.718,90000.0,846638.65
nsga2,cap61,C2,50,0.718,97500.0,842886.1
nsga2,cap61,C2,50,0.718,105000.0,839927.825
nsga2,cap61,C2,50,0.718,112500.0,837970.1875
nsga2,cap61,C2,51,0.709,22500.0,1106041.975
nsga2,cap61,C2,51,0.709,30000.0,955801.2374999999
nsga2,cap61,C2,51,0.709,37500.0,931944.5375
nsga2,cap61,C2,51,0.709,45000.0,911655.7374999999
nsga2,cap61,C2,51,0.709,52500.0,891599.6124999999
nsga2,cap61,C2,51,0.709,60000.0,877799.4
nsga2,cap61,C2,51,0.709,67500.0,866376.2999999999
nsga2,cap61,C2,51,0.709,75000.0,857615.75
nsga2,cap61,C2,51,0.709,82500.0,851068.9
nsga2,cap61,C2,51,0.709,90000.0,846638.65
nsga2,cap61,C2,51,0.709,97500.0,842886.1
nsga2,cap61,C2,51,0.709,105000.0,839927.825
nsga2,cap61,C2,51,0.709,112500.0,837970.1875
vega,cap61,C3,42,3.353,22500.0,1216291.4625
vega,cap61,C3,42,3.353,30000.0,1010779.4
vega,cap61,C3,42,3.353,37500.0,971547.8375
vega,cap61,C3,42,3.353,45000.0,922574.4375
vega,cap61,C3,42,3.353,52500.0,907360.7625
vega,cap61,C3,42,3.353,60000.0,898892.2
vega,cap61,C3,42,3.353,67500.0,875738.5625
vega,cap61,C3,43,3.322,22500.0,1289388.525
vega,cap61,C3,43,3.322,30000.0,1066947.9875
vega,cap61,C3,43,3.322,37500.0,984951.1375
vega,cap61,C3,43,3.322,45000.0,957270.1375
vega,cap61,C3,43,3.322,52500.0,937416.9625
vega,cap61,C3,43,3.322,60000.0,898430.5125
vega,cap61,C3,43,3.322,67500.0,890685.6875
vega,cap61,C3,43,3.322,75000.0,869045.6
vega,cap61,C3,44,3.133,22500.0,1353959.3625
vega,cap61,C3,44,3.133,30000.0,1083855.4
vega,cap61,C3,44,3.133,37500.0,981526.275
vega,cap61,C3,44,3.133,45000.0,922574.4375
vega,cap61,C3,44,3.133,52500.0,903485.1749999999
vega,cap61,C3,44,3.133,60000.0,887700.6
vega,cap61,C3,44,3.133,75000.0,862623.75
vega,cap61,C3,44,3.133,97500.0,858446.8375
vega,cap61,C3,45,3.296,22500.0,1380154.1
vega,cap61,C3,45,3.296,30000.0,997262.525
vega,cap61,C3,45,3.296,45000.0,957924.8125
vega,cap61,C3,45,3.296,52500.0,922326.2374999999
vega,cap61,C3,45,3.296,60000.0,889426.7374999999
vega,cap61,C3,45,3.296,75000.0,883581.8624999999
vega,cap61,C3,45,3.296,82500.0,880951.6124999999
vega,cap61,C3,46,2.951,22500.0,1238850.4125
vega,cap61,C3,46,2.951,30000.0,1014385.1375
vega,cap61,C3,46,2.951,37500.0,933731.3624999999
vega,cap61,C3,46,2.951,45000.0,917076.3875
vega,cap61,C3,46,2.951,52500.0,908508.0499999999
vega,cap61,C3,46,2.951,60000.0,893732.075
vega,cap61,C3,46,2.951,67500.0,892299.075
vega,cap61,C3,46,2.951,75000.0,875087.1124999999
vega,cap61,C3,47,3.219,22500.0,1143264.3625
vega,cap61,C3,47,3.219,30000.0,1122018.0625
vega,cap61,C3,47,3.219,37500.0,965547.4875
vega,cap61,C3,47,3.219,45000.0,950014.775
vega,cap61,C3,47,3.219,52500.0,909135.875
vega,cap61,C3,47,3.219,67500.0,889288.025
vega,cap61,C3,47,3.219,75000.0,875688.0
vega,cap61,C3,47,3.219,82500.0,866694.775
vega,cap61,C3,48,3.156,22500.0,1362056.6125
vega,cap61,C3,48,3.156,30000.0,1086098.675
vega,cap61,C3,48,3.156,37500.0,997169.15
vega,cap61,C3,48,3.156,45000.0,959258.5125
vega,cap61,C3,48,3.156,52500.0,936981.3375
vega,cap61,C3,48,3.156,60000.0,917051.4249999999
vega,cap61,C3,48,3.156,67500.0,896352.5625
vega,cap61,C3,48,3.156,75000.0,879949.2999999999
vega,cap61,C3,48,3.156,82500.0,869284.6749999999
vega,cap61,C3,49,3.13,22500.0,1231210.7
vega,cap61,C3,49,3.13,30000.0,1014385.1375
vega,cap61,C3,49,3.13,37500.0,1014253.175
vega,cap61,C3,49,3.13,45000.0,927416.8875
vega,cap61,C3,49,3.13,52500.0,905180.5125
vega,cap61,C3,49,3.13,60000.0,898954.125
vega,cap61,C3,49,3.13,67500.0,877074.45
vega,cap61,C3,49,3.13,82500.0,863362.75
vega,cap61,C3,49,3.13,90000.0,857772.5625
vega,cap61,C3,50,3.198,22500.0,1242071.025
vega,cap61,C3,50,3.198,30000.0,1068079.875
vega,cap61,C3,50,3.198,37500.0,1062854.575
vega,cap61,C3,50,3.198,45000.0,952925.1124999999
vega,cap61,C3,50,3.198,52500.0,913842.6124999999
vega,cap61,C3,50,3.198,60000.0,892955.6749999999
vega,cap61,C3,50,3.198,67500.0,884174.1749999999
vega,cap61,C3,51,3.141,22500.0,1171406.55
vega,cap61,C3,51,3.141,30000.0,1118708.7625
vega,cap61,C3,51,3.141,37500.0,991949.2875
vega,cap61,C3,51,3.141,45000.0,956119.0875
vega,cap61,C3,51,3.141,52500.0,899875.025
vega,cap61,C3,51,3.141,67500.0,893237.0125
vega,cap61,C3,51,3.141,75000.0,874161.3875
nsga2,cap61,C3,42,3.195,22500.0,1106041.975
nsga2,cap61,C3,42,3.195,30000.0,955801.2374999999
nsga2,cap61,C3,42,3.195,37500.0,931944.5375
nsga2,cap61,C3,42,3.195,45000.0,911655.7374999999
nsga2,cap61,C3,42,3.195,52500.0,891599.6124999999
nsga2,cap61,C3,42,3.195,60000.0,877799.4
nsga2,cap61,C3,42,3.195,67500.0,866376.2999999999
nsga2,cap61,C3,42,3.195,75000.0,857615.75
nsga2,cap61,C3,42,3.195,82500.0,851068.9
nsga2,cap61,C3,42,3.195,90000.0,846638.65
nsga2,cap61,C3,42,3.195,97500.0,842886.1
nsga2,cap61,C3,42,3.195,105000.0,839927.825
nsga2,cap61,C3,42,3.195,112500.0,837970.1875
nsga2,cap61,C3,43,3.214,22500.0,1106041.975
nsga2,cap61,C3,43,3.214,30000.0,955801.2374999999
nsga2,cap61,C3,43,3.214,37500.0,931944.5375
nsga2,cap61,C3,43,3.214,45000.0,911655.7374999999
nsga2,cap61,C3,43,3.214,52500.0,891599.6124999999
nsga2,cap61,C3,43,3.214,60000.0,877799.4
nsga2,cap61,C3,43,3.214,67500.0,866376.2999999999
nsga2,cap61,C3,43,3.214,75000.0,857615.75
nsga2,cap61,C3,43,3.214,82500.0,851068.9
nsga2,cap61,C3,43,3.214,90000.0,846638.65
nsga2,cap61,C3,43,3.214,97500.0,842886.1
nsga2,cap61,C3,43,3.214,105000.0,839927.825
nsga2,cap61,C3,43,3.214,112500.0,837970.1875
nsga2,cap61,C3,44,2.568,22500.0,1106041.975
nsga2,cap61,C3,44,2.568,30000.0,955801.2374999999
nsga2,cap61,C3,44,2.568,37500.0,931944.5375
nsga2,cap61,C3,44,2.568,45000.0,911655.7374999999
nsga2,cap61,C3,44,2.568,52500.0,891599.6124999999
nsga2,cap61,C3,44,2.568,60000.0,877799.4
nsga2,cap61,C3,44,2.568,67500.0,866376.2999999999
nsga2,cap61,C3,44,2.568,75000.0,857615.75
nsga2,cap61,C3,44,2.568,82500.0,851068.9
nsga2,cap61,C3,44,2.568,90000.0,846638.65
nsga2,cap61,C3,44,2.568,97500.0,842886.1
nsga2,cap61,C3,44,2.568,105000.0,839927.825
nsga2,cap61,C3,44,2.568,112500.0,837970.1875
nsga2,cap61,C3,45,2.5,22500.0,1106041.975
nsga2,cap61,C3,45,2.5,30000.0,955801.2374999999
nsga2,cap61,C3,45,2.5,37500.0,931944.5375
nsga2,cap61,C3,45,2.5,45000.0,911655.7374999999
nsga2,cap61,C3,45,2.5,52500.0,891599.6124999999
nsga2,cap61,C3,45,2.5,60000.0,877799.4
nsga2,cap61,C3,45,2.5,67500.0,866376.2999999999
nsga2,cap61,C3,45,2.5,75000.0,857615.75
nsga2,cap61,C3,45,2.5,82500.0,851068.9
nsga2,cap61,C3,45,2.5,90000.0,846638.65
nsga2,cap61,C3,45,2.5,97500.0,842886.1
nsga2,cap61,C3,45,2.5,105000.0,839927.825
nsga2,cap61,C3,45,2.5,112500.0,837970.1875
nsga2,cap61,C3,46,2.581,22500.0,1106041.975
nsga2,cap61,C3,46,2.581,30000.0,955801.2374999999
nsga2,cap61,C3,46,2.581,37500.0,931944.5375
nsga2,cap61,C3,46,2.581,45000.0,911655.7374999999
nsga2,cap61,C3,46,2.581,52500.0,891599.6124999999
nsga2,cap61,C3,46,2.581,60000.0,877799.4
nsga2,cap61,C3,46,2.581,67500.0,866376.2999999999
nsga2,cap61,C3,46,2.581,75000.0,857615.75
nsga2,cap61,C3,46,2.581,82500.0,851068.9
nsga2,cap61,C3,46,2.581,90000.0,846638.65
nsga2,cap61,C3,46,2.581,97500.0,842886.1
nsga2,cap61,C3,46,2.581,105000.0,839927.825
nsga2,cap61,C3,46,2.581,112500.0,837970.1875
nsga2,cap61,C3,47,2.486,22500.0,1106041.975
nsga2,cap61,C3,47,2.486,30000.0,955801.2374999999
nsga2,cap61,C3,47,2.486,37500.0,931944.5375
nsga2,cap61,C3,47,2.486,45000.0,911655.7374999999
nsga2,cap61,C3,47,2.486,52500.0,891599.6124999999
nsga2,cap61,C3,47,2.486,60000.0,877799.4
nsga2,cap61,C3,47,2.486,67500.0,866376.2999999999
nsga2,cap61,C3,47,2.486,75000.0,857615.75
nsga2,cap61,C3,47,2.486,82500.0,851068.9
nsga2,cap61,C3,47,2.486,90000.0,846638.65
nsga2,cap61,C3,47,2.486,97500.0,842886.1
nsga2,cap61,C3,47,2.486,105000.0,839927.825
nsga2,cap61,C3,47,2.486,112500.0,837970.1875
nsga2,cap61,C3,48,2.511,22500.0,1106041.975
nsga2,cap61,C3,48,2.511,30000.0,955801.2374999999
nsga2,cap61,C3,48,2.511,37500.0,931944.5375
nsga2,cap61,C3,48,2.511,45000.0,911655.7374999999
nsga2,cap61,C3,48,2.511,52500.0,891599.6124999999
nsga2,cap61,C3,48,2.511,60000.0,877799.4
nsga2,cap61,C3,48,2.511,67500.0,866376.2999999999
nsga2,cap61,C3,48,2.511,75000.0,857615.75
nsga2,cap61,C3,48,2.511,82500.0,851068.9
nsga2,cap61,C3,48,2.511,90000.0,846638.65
nsga2,cap61,C3,48,2.511,97500.0,842886.1
nsga2,cap61,C3,48,2.511,105000.0,839927.825
nsga2,cap61,C3,48,2.511,112500.0,837970.1875
nsga2,cap61,C3,49,2.518,22500.0,1106041.975
nsga2,cap61,C3,49,2.518,30000.0,955801.2374999999
nsga2,cap61,C3,49,2.518,37500.0,931944.5375
nsga2,cap61,C3,49,2.518,45000.0,911655.7374999999
nsga2,cap61,C3,49,2.518,52500.0,891599.6124999999
nsga2,cap61,C3,49,2.518,60000.0,877799.4
nsga2,cap61,C3,49,2.518,67500.0,866376.2999999999
nsga2,cap61,C3,49,2.518,75000.0,857615.75
nsga2,cap61,C3,49,2.518,82500.0,851068.9
nsga2,cap61,C3,49,2.518,90000.0,846638.65
nsga2,cap61,C3,49,2.518,97500.0,842886.1
nsga2,cap61,C3,49,2.518,105000.0,839927.825
nsga2,cap61,C3,49,2.518,112500.0,837970.1875
nsga2,cap61,C3,50,2.507,22500.0,1106041.975
nsga2,cap61,C3,50,2.507,30000.0,955801.2374999999
nsga2,cap61,C3,50,2.507,37500.0,931944.5375
nsga2,cap61,C3,50,2.507,45000.0,911655.7374999999
nsga2,cap61,C3,50,2.507,52500.0,891599.6124999999
nsga2,cap61,C3,50,2.507,60000.0,877799.4
nsga2,cap61,C3,50,2.507,67500.0,866376.2999999999
nsga2,cap61,C3,50,2.507,75000.0,857615.75
nsga2,cap61,C3,50,2.507,82500.0,851068.9
nsga2,cap61,C3,50,2.507,90000.0,846638.65
nsga2,cap61,C3,50,2.507,97500.0,842886.1
nsga2,cap61,C3,50,2.507,105000.0,839927.825
nsga2,cap61,C3,50,2.507,112500.0,837970.1875
nsga2,cap61,C3,51,2.443,22500.0,1106041.975
nsga2,cap61,C3,51,2.443,30000.0,955801.2374999999
nsga2,cap61,C3,51,2.443,37500.0,931944.5375
nsga2,cap61,C3,51,2.443,45000.0,911655.7374999999
nsga2,cap61,C3,51,2.443,52500.0,891599.6124999999
nsga2,cap61,C3,51,2.443,60000.0,877799.4
nsga2,cap61,C3,51,2.443,67500.0,866376.2999999999
nsga2,cap61,C3,51,2.443,75000.0,857615.75
nsga2,cap61,C3,51,2.443,82500.0,851068.9
nsga2,cap61,C3,51,2.443,90000.0,846638.65
nsga2,cap61,C3,51,2.443,97500.0,842886.1
nsga2,cap61,C3,51,2.443,105000.0,839927.825
nsga2,cap61,C3,51,2.443,112500.0,837970.1875
vega,cap62,C1,42,0.299,37500.0,1713744.2375
vega,cap62,C1,42,0.299,50000.0,990965.0875
vega,cap62,C1,42,0.299,62500.0,953854.875
vega,cap62,C1,42,0.299,75000.0,917076.3875
vega,cap62,C1,42,0.299,87500.0,914781.45
vega,cap62,C1,42,0.299,112500.0,885852.125
vega,cap62,C1,42,0.299,137500.0,855658.1124999999
vega,cap62,C1,43,0.304,37500.0,1187935.55
vega,cap62,C1,43,0.304,50000.0,1071536.4375
vega,cap62,C1,43,0.304,62500.0,937051.5
vega,cap62,C1,43,0.304,100000.0,896480.0875
vega,cap62,C1,43,0.304,112500.0,878549.2
vega,cap62,C1,44,0.293,37500.0,1336181.0625
vega,cap62,C1,44,0.293,50000.0,1010779.4
vega,cap62,C1,44,0.293,62500.0,993862.575
vega,cap62,C1,44,0.293,75000.0,931258.2875
vega,cap62,C1,44,0.293,87500.0,919598.3125
vega,cap62,C1,45,0.285,37500.0,1463955.9375
vega,cap62,C1,45,0.285,50000.0,1137856.6
vega,cap62,C1,45,0.285,62500.0,932018.6625
vega,cap62,C1,45,0.285,87500.0,925940.4249999999
vega,cap62,C1,45,0.285,100000.0,885301.95
vega,cap62,C1,45,0.285,150000.0,871950.3375
vega,cap62,C1,46,0.3,37500.0,1518483.025
vega,cap62,C1,46,0.3,50000.0,1136196.675
vega,cap62,C1,46,0.3,62500.0,966929.375
vega,cap62,C1,46,0.3,75000.0,927416.8875
vega,cap62,C1,46,0.3,87500.0,910349.6
vega,cap62,C1,46,0.3,112500.0,880496.9625
vega,cap62,C1,46,0.3,125000.0,872026.8875
vega,cap62,C1,47,0.285,37500.0,1725970.7625
vega,cap62,C1,47,0.285,50000.0,1229410.775
vega,cap62,C1,47,0.285,62500.0,1019708.6625
vega,cap62,C1,47,0.285,75000.0,938898.1125
vega,cap62,C1,47,0.285,87500.0,931639.9874999999
vega,cap62,C1,47,0.285,100000.0,907529.2125
vega,cap62,C1,47,0.285,125000.0,885049.6875
vega,cap62,C1,48,0.278,37500.0,1332838.975
vega,cap62,C1,48,0.278,50000.0,1291040.9
vega,cap62,C1,48,0.278,62500.0,990013.3624999999
vega,cap62,C1,48,0.278,75000.0,923894.6
vega,cap62,C1,48,0.278,100000.0,894069.0375
vega,cap62,C1,48,0.278,125000.0,867875.975
vega,cap62,C1,49,0.298,37500.0,1170982.675
vega,cap62,C1,49,0.298,50000.0,1136435.1875
vega,cap62,C1,49,0.298,62500.0,1020483.8624999999
vega,cap62,C1,49,0.298,75000.0,929082.8375
vega,cap62,C1,49,0.298,87500.0,918389.0125
vega,cap62,C1,49,0.298,100000.0,907759.4874999999
vega,cap62,C1,50,0.274,37500.0,1478889.4875
vega,cap62,C1,50,0.274,50000.0,1102733.225
vega,cap62,C1,50,0.274,62500.0,1028494.1875
vega,cap62,C1,50,0.274,75000.0,927537.35
vega,cap62,C1,50,0.274,112500.0,892145.3375
vega,cap62,C1,50,0.274,125000.0,885035.475
vega,cap62,C1,51,0.293,37500.0,1520988.3125
vega,cap62,C1,51,0.293,50000.0,1198356.9
vega,cap62,C1,51,0.293,62500.0,1104817.4875
vega,cap62,C1,51,0.293,75000.0,923251.2875
vega,cap62,C1,51,0.293,87500.0,915504.3125
vega,cap62,C1,51,0.293,100000.0,906261.7999999999
nsga2,cap62,C1,42,0.28,37500.0,1106041.975
nsga2,cap62,C1,42,0.28,50000.0,955801.2374999999
nsga2,cap62,C1,42,0.28,62500.0,931944.5375
nsga2,cap62,C1,42,0.28,75000.0,911655.7374999999
nsga2,cap62,C1,42,0.28,87500.0,891599.6124999999
nsga2,cap62,C1,42,0.28,100000.0,877799.4
nsga2,cap62,C1,42,0.28,112500.0,866376.2999999999
nsga2,cap62,C1,42,0.28,125000.0,857615.75
nsga2,cap62,C1,42,0.28,137500.0,851068.9
nsga2,cap62,C1,42,0.28,150000.0,846638.65
nsga2,cap62,C1,42,0.28,162500.0,842886.1
nsga2,cap62,C1,42,0.28,175000.0,839927.825
nsga2,cap62,C1,42,0.28,187500.0,837970.1875
nsga2,cap62,C1,43,0.27,37500.0,1106041.975
nsga2,cap62,C1,43,0.27,50000.0,955801.2374999999
nsga2,cap62,C1,43,0.27,62500.0,931944.5375
nsga2,cap62,C1,43,0.27,75000.0,911655.7374999999
nsga2,cap62,C1,43,0.27,87500.0,891599.6124999999
nsga2,cap62,C1,43,0.27,100000.0,877799.4
nsga2,cap62,C1,43,0.27,112500.0,866376.2999999999
nsga2,cap62,C1,43,0.27,125000.0,857615.75
nsga2,cap62,C1,43,0.27,137500.0,851068.9
nsga2,cap62,C1,43,0.27,150000.0,846638.65
nsga2,cap62,C1,43,0.27,162500.0,842886.1
nsga2,cap62,C1,43,0.27,175000.0,839927.825
nsga2,cap62,C1,43,0.27,187500.0,837970.1875
nsga2,cap62,C1,44,0.247,37500.0,1106041.975
nsga2,cap62,C1,44,0.247,50000.0,955801.2374999999
nsga2,cap62,C1,44,0.247,62500.0,931944.5375
nsga2,cap62,C1,44,0.247,75000.0,911655.7374999999
nsga2,cap62,C1,44,0.247,87500.0,891599.6124999999
nsga2,cap62,C1,44,0.247,100000.0,877799.4
nsga2,cap62,C1,44,0.247,112500.0,866376.2999999999
nsga2,cap62,C1,44,0.247,125000.0,857615.75
nsga2,cap62,C1,44,0.247,137500.0,851068.9
nsga2,cap62,C1,44,0.247,150000.0,846638.65
nsga2,cap62,C1,44,0.247,162500.0,842886.1
nsga2,cap62,C1,44,0.247,175000.0,839927.825
nsga2,cap62,C1,44,0.247,187500.0,837970.1875
nsga2,cap62,C1,45,0.214,37500.0,1106041.975
nsga2,cap62,C1,45,0.214,50000.0,955801.2374999999
nsga2,cap62,C1,45,0.214,62500.0,931944.5375
nsga2,cap62,C1,45,0.214,75000.0,911655.7374999999
nsga2,cap62,C1,45,0.214,87500.0,891599.6124999999
nsga2,cap62,C1,45,0.214,100000.0,877799.4
nsga2,cap62,C1,45,0.214,112500.0,866376.2999999999
nsga2,cap62,C1,45,0.214,125000.0,857615.75
nsga2,cap62,C1,45,0.214,137500.0,851068.9
nsga2,cap62,C1,45,0.214,150000.0,846638.65
nsga2,cap62,C1,45,0.214,162500.0,842886.1
nsga2,cap62,C1,45,0.214,175000.0,839927.825
nsga2,cap62,C1,45,0.214,187500.0,837970.1875
nsga2,cap62,C1,46,0.257,37500.0,1106041.975
nsga2,cap62,C1,46,0.257,50000.0,955801.2374999999
nsga2,cap62,C1,46,0.257,62500.0,931944.5375
nsga2,cap62,C1,46,0.257,75000.0,911655.7374999999
nsga2,cap62,C1,46,0.257,87500.0,891599.6124999999
nsga2,cap62,C1,46,0.257,100000.0,877799.4
nsga2,cap62,C1,46,0.257,112500.0,866376.2999999999
nsga2,cap62,C1,46,0.257,125000.0,857615.75
nsga2,cap62,C1,46,0.257,137500.0,851068.9
nsga2,cap62,C1,46,0.257,150000.0,846638.65
nsga2,cap62,C1,46,0.257,162500.0,842886.1
nsga2,cap62,C1,46,0.257,175000.0,839927.825
nsga2,cap62,C1,46,0.257,187500.0,837970.1875
nsga2,cap62,C1,47,0.304,37500.0,1106041.975
nsga2,cap62,C1,47,0.304,50000.0,955801.2374999999
nsga2,cap62,C1,47,0.304,62500.0,931944.5375
nsga2,cap62,C1,47,0.304,75000.0,911655.7374999999
nsga2,cap62,C1,47,0.304,87500.0,891599.6124999999
nsga2,cap62,C1,47,0.304,100000.0,877799.4
nsga2,cap62,C1,47,0.304,112500.0,866376.2999999999
nsga2,cap62,C1,47,0.304,125000.0,857615.75
nsga2,cap62,C1,47,0.304,137500.0,851068.9
nsga2,cap62,C1,47,0.304,150000.0,846638.65
nsga2,cap62,C1,47,0.304,162500.0,842886.1
nsga2,cap62,C1,47,0.304,175000.0,839927.825
nsga2,cap62,C1,47,0.304,187500.0,837970.1875
nsga2,cap62,C1,48,0.231,37500.0,1106041.975
nsga2,cap62,C1,48,0.231,50000.0,955801.2374999999
nsga2,cap62,C1,48,0.231,62500.0,931944.5375
nsga2,cap62,C1,48,0.231,75000.0,911655.7374999999
nsga2,cap62,C1,48,0.231,87500.0,891599.6124999999
nsga2,cap62,C1,48,0.231,100000.0,877799.4
nsga2,cap62,C1,48,0.231,112500.0,866376.2999999999
nsga2,cap62,C1,48,0.231,125000.0,857615.75
nsga2,cap62,C1,48,0.231,137500.0,851068.9
nsga2,cap62,C1,48,0.231,150000.0,846638.65
nsga2,cap62,C1,48,0.231,162500.0,842886.1
nsga2,cap62,C1,48,0.231,175000.0,839927.825
nsga2,cap62,C1,48,0.231,187500.0,837970.1875
nsga2,cap62,C1,49,0.241,37500.0,1106041.975
nsga2,cap62,C1,49,0.241,50000.0,955801.2374999999
nsga2,cap62,C1,49,0.241,62500.0,931944.5375
nsga2,cap62,C1,49,0.241,75000.0,911655.7374999999
nsga2,cap62,C1,49,0.241,87500.0,891599.6124999999
nsga2,cap62,C1,49,0.241,100000.0,877799.4
nsga2,cap62,C1,49,0.241,112500.0,866376.2999999999
nsga2,cap62,C1,49,0.241,125000.0,857615.75
nsga2,cap62,C1,49,0.241,137500.0,851068.9
nsga2,cap62,C1,49,0.241,150000.0,846638.65
nsga2,cap62,C1,49,0.241,162500.0,842886.1
nsga2,cap62,C1,49,0.241,175000.0,839927.825
nsga2,cap62,C1,49,0.241,187500.0,837970.1875
nsga2,cap62,C1,50,0.224,37500.0,1106041.975
nsga2,cap62,C1,50,0.224,50000.0,955801.2374999999
nsga2,cap62,C1,50,0.224,62500.0,931944.5375
nsga2,cap62,C1,50,0.224,75000.0,911655.7374999999
nsga2,cap62,C1,50,0.224,87500.0,891599.6124999999
nsga2,cap62,C1,50,0.224,100000.0,877799.4
nsga2,cap62,C1,50,0.224,112500.0,866376.2999999999
nsga2,cap62,C1,50,0.224,125000.0,857615.75
nsga2,cap62,C1,50,0.224,137500.0,851068.9
nsga2,cap62,C1,50,0.224,150000.0,846638.65
nsga2,cap62,C1,50,0.224,162500.0,842886.1
nsga2,cap62,C1,50,0.224,175000.0,839927.825
nsga2,cap62,C1,50,0.224,187500.0,837970.1875
nsga2,cap62,C1,51,0.253,37500.0,1106041.975
nsga2,cap62,C1,51,0.253,50000.0,955801.2374999999
nsga2,cap62,C1,51,0.253,62500.0,931944.5375
nsga2,cap62,C1,51,0.253,75000.0,911655.7374999999
nsga2,cap62,C1,51,0.253,87500.0,891599.6124999999
nsga2,cap62,C1,51,0.253,100000.0,877799.4
nsga2,cap62,C1,51,0.253,112500.0,866376.2999999999
nsga2,cap62,C1,51,0.253,125000.0,857615.75
nsga2,cap62,C1,51,0.253,137500.0,851068.9
nsga2,cap62,C1,51,0.253,150000.0,846638.65
nsga2,cap62,C1,51,0.253,162500.0,842886.1
nsga2,cap62,C1,51,0.253,175000.0,839927.825
nsga2,cap62,C1,51,0.253,187500.0,837970.1875
vega,cap62,C2,42,0.903,37500.0,1300376.7125
vega,cap62,C2,42,0.903,50000.0,1067339.225
vega,cap62,C2,42,0.903,62500.0,996598.2
vega,cap62,C2,42,0.903,75000.0,935313.225
vega,cap62,C2,42,0.903,87500.0,928905.875
vega,cap62,C2,42,0.903,100000.0,918193.2125
vega,cap62,C2,42,0.903,112500.0,893818.2125
vega,cap62,C2,42,0.903,125000.0,867126.1
vega,cap62,C2,43,0.902,37500.0,1208991.35
vega,cap62,C2,43,0.902,50000.0,1100903.275
vega,cap62,C2,43,0.902,62500.0,984893.775
vega,cap62,C2,43,0.902,75000.0,922460.7625
vega,cap62,C2,43,0.902,87500.0,912019.8125
vega,cap62,C2,43,0.902,112500.0,888395.1124999999
vega,cap62,C2,43,0.902,125000.0,874945.6124999999
vega,cap62,C2,44,0.884,37500.0,1171406.55
vega,cap62,C2,44,0.884,50000.0,1089527.75
vega,cap62,C2,44,0.884,62500.0,962046.45
vega,cap62,C2,44,0.884,75000.0,938484.0499999999
vega,cap62,C2,44,0.884,87500.0,906528.0375
vega,cap62,C2,44,0.884,125000.0,877722.1749999999
vega,cap62,C2,45,0.912,37500.0,1171989.825
vega,cap62,C2,45,0.912,50000.0,1065537.6625
vega,cap62,C2,45,0.912,62500.0,958738.425
vega,cap62,C2,45,0.912,75000.0,932307.2125
vega,cap62,C2,45,0.912,87500.0,921720.6124999999
vega,cap62,C2,45,0.912,100000.0,910227.5375
vega,cap62,C2,45,0.912,112500.0,900596.2875
vega,cap62,C2,46,0.892,37500.0,1150894.35
vega,cap62,C2,46,0.892,50000.0,1010779.4
vega,cap62,C2,46,0.892,75000.0,977120.95
vega,cap62,C2,46,0.892,87500.0,933073.2625
vega,cap62,C2,46,0.892,100000.0,888604.4249999999
vega,cap62,C2,47,0.885,37500.0,1567506.4375
vega,cap62,C2,47,0.885,50000.0,1054142.6875
vega,cap62,C2,47,0.885,62500.0,988301.4249999999
vega,cap62,C2,47,0.885,75000.0,916512.1625
vega,cap62,C2,47,0.885,100000.0,898660.325
vega,cap62,C2,47,0.885,112500.0,881492.4625
vega,cap62,C2,48,0.923,37500.0,1153279.4125
vega,cap62,C2,48,0.923,50000.0,1010779.4
vega,cap62,C2,48,0.923,75000.0,925681.4249999999
vega,cap62,C2,48,0.923,87500.0,900539.4375
vega,cap62,C2,48,0.923,100000.0,896032.65
vega,cap62,C2,48,0.923,137500.0,892665.5375
vega,cap62,C2,49,0.841,37500.0,1248202.9875
vega,cap62,C2,49,0.841,50000.0,1095654.3125
vega,cap62,C2,49,0.841,62500.0,971365.225
vega,cap62,C2,49,0.841,75000.0,922308.2625
vega,cap62,C2,49,0.841,100000.0,903697.3125
vega,cap62,C2,49,0.841,112500.0,885156.875
vega,cap62,C2,50,0.878,37500.0,1340362.2625
vega,cap62,C2,50,0.878,50000.0,984116.325
vega,cap62,C2,50,0.878,62500.0,966988.575
vega,cap62,C2,50,0.878,75000.0,923251.2875
vega,cap62,C2,50,0.878,100000.0,912917.85
vega,cap62,C2,50,0.878,112500.0,888371.875
vega,cap62,C2,50,0.878,125000.0,879243.275
vega,cap62,C2,50,0.878,137500.0,863614.15
vega,cap62,C2,51,0.918,37500.0,1166837.025
vega,cap62,C2,51,0.918,50000.0,1113419.3625
vega,cap62,C2,51,0.918,62500.0,971358.4875
vega,cap62,C2,51,0.918,75000.0,943434.6
vega,cap62,C2,51,0.918,87500.0,925833.3125
vega,cap62,C2,51,0.918,100000.0,900809.325
vega,cap62,C2,51,0.918,125000.0,887915.1
nsga2,cap62,C2,42,0.883,37500.0,1106041.975
nsga2,cap62,C2,42,0.883,50000.0,955801.2374999999
nsga2,cap62,C2,42,0.883,62500.0,931944.5375
nsga2,cap62,C2,42,0.883,75000.0,911655.7374999999
nsga2,cap62,C2,42,0.883,87500.0,891599.6124999999
nsga2,cap62,C2,42,0.883,100000.0,877799.4
nsga2,cap62,C2,42,0.883,112500.0,866376.2999999999
nsga2,cap62,C2,42,0.883,125000.0,857615.75
nsga2,cap62,C2,42,0.883,137500.0,851068.9
nsga2,cap62,C2,42,0.883,150000.0,846638.65
nsga2,cap62,C2,42,0.883,162500.0,842886.1
nsga2,cap62,C2,42,0.883,175000.0,839927.825
nsga2,cap62,C2,42,0.883,187500.0,837970.1875
nsga2,cap62,C2,43,0.888,37500.0,1106041.975
nsga2,cap62,C2,43,0.888,50000.0,955801.2374999999
nsga2,cap62,C2,43,0.888,62500.0,931944.5375
nsga2,cap62,C2,43,0.888,75000.0,911655.7374999999
nsga2,cap62,C2,43,0.888,87500.0,891599.6124999999
nsga2,cap62,C2,43,0.888,100000.0,877799.4
nsga2,cap62,C2,43,0.888,112500.0,866376.2999999999
nsga2,cap62,C2,43,0.888,125000.0,857615.75
nsga2,cap62,C2,43,0.888,137500.0,851068.9
nsga2,cap62,C2,43,0.888,150000.0,846638.65
nsga2,cap62,C2,43,0.888,162500.0,842886.1
nsga2,cap62,C2,43,0.888,175000.0,839927.825
nsga2,cap62,C2,43,0.888,187500.0,837970.1875
nsga2,cap62,C2,44,0.702,37500.0,1106041.975
nsga2,cap62,C2,44,0.702,50000.0,955801.2374999999
nsga2,cap62,C2,44,0.702,62500.0,931944.5375
nsga2,cap62,C2,44,0.702,75000.0,911655.7374999999
nsga2,cap62,C2,44,0.702,87500.0,891599.6124999999
nsga2,cap62,C2,44,0.702,100000.0,877799.4
nsga2,cap62,C2,44,0.702,112500.0,866376.2999999999
nsga2,cap62,C2,44,0.702,125000.0,857615.75
nsga2,cap62,C2,44,0.702,137500.0,851068.9
nsga2,cap62,C2,44,0.702,150000.0,846638.65
nsga2,cap62,C2,44,0.702,162500.0,842886.1
nsga2,cap62,C2,44,0.702,175000.0,839927.825
nsga2,cap62,C2,44,0.702,187500.0,837970.1875
nsga2,cap62,C2,45,0.688,37500.0,1106041.975
nsga2,cap62,C2,45,0.688,50000.0,955801.2374999999
nsga2,cap62,C2,45,0.688,62500.0,931944.5375
nsga2,cap62,C2,45,0.688,75000.0,911655.7374999999
nsga2,cap62,C2,45,0.688,87500.0,891599.6124999999
nsga2,cap62,C2,45,0.688,100000.0,877799.4
nsga2,cap62,C2,45,0.688,112500.0,866376.2999999999
nsga2,cap62,C2,45,0.688,125000.0,857615.75
nsga2,cap62,C2,45,0.688,137500.0,851068.9
nsga2,cap62,C2,45,0.688,150000.0,846638.65
nsga2,cap62,C2,45,0.688,162500.0,842886.1
nsga2,cap62,C2,45,0.688,175000.0,839927.825
nsga2,cap62,C2,45,0.688,187500.0,837970.1875
nsga2,cap62,C2,46,0.704,37500.0,1106041.975
nsga2,cap62,C2,46,0.704,50000.0,955801.2374999999
nsga2,cap62,C2,46,0.704,62500.0,931944.5375
nsga2,cap62,C2,46,0.704,75000.0,911655.7374999999
nsga2,cap62,C2,46,0.704,87500.0,891599.6124999999
nsga2,cap62,C2,46,0.704,100000.0,877799.4
nsga2,cap62,C2,46,0.704,112500.0,866376.2999999999
nsga2,cap62,C2,46,0.704,125000.0,857615.75
nsga2,cap62,C2,46,0.704,137500.0,851068.9
nsga2,cap62,C2,46,0.704,150000.0,846638.65
nsga2,cap62,C2,46,0.704,162500.0,842886.1
nsga2,cap62,C2,46,0.704,175000.0,839927.825
nsga2,cap62,C2,46,0.704,187500.0,837970.1875
nsga2,cap62,C2,47,0.706,37500.0,1106041.975
nsga2,cap62,C2,47,0.706,50000.0,955801.2374999999
nsga2,cap62,C2,47,0.706,62500.0,931944.5375
nsga2,cap62,C2,47,0.706,75000.0,911655.7374999999
nsga2,cap62,C2,47,0.706,87500.0,891599.6124999999
nsga2,cap62,C2,47,0.706,100000.0,877799.4
nsga2,cap62,C2,47,0.706,112500.0,866376.2999999999
nsga2,cap62,C2,47,0.706,125000.0,857615.75
nsga2,cap62,C2,47,0.706,137500.0,851068.9
nsga2,cap62,C2,47,0.706,150000.0,846638.65
nsga2,cap62,C2,47,0.706,162500.0,842886.1
nsga2,cap62,C2,47,0.706,175000.0,839927.825
nsga2,cap62,C2,47,0.706,187500.0,837970.1875
nsga2,cap62,C2,48,0.699,37500.0,1106041.975
nsga2,cap62,C2,48,0.699,50000.0,955801.2374999999
nsga2,cap62,C2,48,0.699,62500.0,931944.5375
nsga2,cap62,C2,48,0.699,75000.0,911655.7374999999
nsga2,cap62,C2,48,0.699,87500.0,891599.6124999999
nsga2,cap62,C2,48,0.699,100000.0,877799.4
nsga2,cap62,C2,48,0.699,112500.0,866376.2999999999
nsga2,cap62,C2,48,0.699,125000.0,857615.75
nsga2,cap62,C2,48,0.699,137500.0,851068.9
nsga2,cap62,C2,48,0.699,150000.0,846638.65
nsga2,cap62,C2,48,0.699,162500.0,842886.1
nsga2,cap62,C2,48,0.699,175000.0,839927.825
nsga2,cap62,C2,48,0.699,187500.0,837970.1875
nsga2,cap62,C2,49,0.744,37500.0,1106041.975
nsga2,cap62,C2,49,0.744,50000.0,955801.2374999999
nsga2,cap62,C2,49,0.744,62500.0,931944.5375
nsga2,cap62,C2,49,0.744,75000.0,911655.7374999999
nsga2,cap62,C2,49,0.744,87500.0,891599.6124999999
nsga2,cap62,C2,49,0.744,100000.0,877799.4
nsga2,cap62,C2,49,0.744,112500.0,866376.2999999999
nsga2,cap62,C2,49,0.744,125000.0,857615.75
nsga2,cap62,C2,49,0.744,137500.0,851068.9
nsga2,cap62,C2,49,0.744,150000.0,846638.65
nsga2,cap62,C2,49,0.744,162500.0,842886.1
nsga2,cap62,C2,49,0.744,175000.0,839927.825
nsga2,cap62,C2,49,0.744,187500.0,837970.1875
nsga2,cap62,C2,50,0.693,37500.0,1106041.975
nsga2,cap62,C2,50,0.693,50000.0,955801.2374999999
nsga2,cap62,C2,50,0.693,62500.0,931944.5375
nsga2,cap62,C2,50,0.693,75000.0,911655.7374999999
nsga2,cap62,C2,50,0.693,87500.0,891599.6124999999
nsga2,cap62,C2,50,0.693,100000.0,877799.4
nsga2,cap62,C2,50,0.693,112500.0,866376.2999999999
nsga2,cap62,C2,50,0.693,125000.0,857615.75
nsga2,cap62,C2,50,0.693,137500.0,851068.9
nsga2,cap62,C2,50,0.693,150000.0,846638.65
nsga2,cap62,C2,50,0.693,162500.0,842886.1
nsga2,cap62,C2,50,0.693,175000.0,839927.825
nsga2,cap62,C2,50,0.693,187500.0,837970.1875
nsga2,cap62,C2,51,0.68,37500.0,1106041.975
nsga2,cap62,C2,51,0.68,50000.0,955801.2374999999
nsga2,cap62,C2,51,0.68,62500.0,931944.5375
nsga2,cap62,C2,51,0.68,75000.0,911655.7374999999
nsga2,cap62,C2,51,0.68,87500.0,891599.6124999999
nsga2,cap62,C2,51,0.68,100000.0,877799.4
nsga2,cap62,C2,51,0.68,112500.0,866376.2999999999
nsga2,cap62,C2,51,0.68,125000.0,857615.75
nsga2,cap62,C2,51,0.68,137500.0,851068.9
nsga2,cap62,C2,51,0.68,150000.0,846638.65
nsga2,cap62,C2,51,0.68,162500.0,842886.1
nsga2,cap62,C2,51,0.68,175000.0,839927.825
nsga2,cap62,C2,51,0.68,187500.0,837970.1875
vega,cap62,C3,42,3.191,37500.0,1216291.4625
vega,cap62,C3,42,3.191,50000.0,1010779.4
vega,cap62,C3,42,3.191,62500.0,971547.8375
vega,cap62,C3,42,3.191,75000.0,922574.4375
vega,cap62,C3,42,3.191,87500.0,907360.7625
vega,cap62,C3,42,3.191,100000.0,898892.2
vega,cap62,C3,42,3.191,112500.0,875738.5625
vega,cap62,C3,43,3.178,37500.0,1289388.525
vega,cap62,C3,43,3.178,50000.0,1066947.9875
vega,cap62,C3,43,3.178,62500.0,984951.1375
vega,cap62,C3,43,3.178,75000.0,957270.1375
vega,cap62,C3,43,3.178,87500.0,937416.9625
vega,cap62,C3,43,3.178,100000.0,898430.5125
vega,cap62,C3,43,3.178,112500.0,890685.6875
vega,cap62,C3,43,3.178,125000.0,869045.6
vega,cap62,C3,44,3.204,37500.0,1353959.3625
vega,cap62,C3,44,3.204,50000.0,1083855.4
vega,cap62,C3,44,3.204,62500.0,981526.275
vega,cap62,C3,44,3.204,75000.0,922574.4375
vega,cap62,C3,44,3.204,87500.0,903485.1749999999
vega,cap62,C3,44,3.204,100000.0,887700.6
vega,cap62,C3,44,3.204,125000.0,862623.75
vega,cap62,C3,44,3.204,162500.0,858446.8375
vega,cap62,C3,45,3.178,37500.0,1380154.1
vega,cap62,C3,45,3.178,50000.0,997262.525
vega,cap62,C3,45,3.178,75000.0,957924.8125
vega,cap62,C3,45,3.178,87500.0,922326.2374999999
vega,cap62,C3,45,3.178,100000.0,889426.7374999999
vega,cap62,C3,45,3.178,125000.0,883581.8624999999
vega,cap62,C3,45,3.178,137500.0,880951.6124999999
vega,cap62,C3,46,3.084,37500.0,1238850.4125
vega,cap62,C3,46,3.084,50000.0,1014385.1375
vega,cap62,C3,46,3.084,62500.0,933731.3624999999
vega,cap62,C3,46,3.084,75000.0,917076.3875
vega,cap62,C3,46,3.084,87500.0,908508.0499999999
vega,cap62,C3,46,3.084,100000.0,893732.075
vega,cap62,C3,46,3.084,112500.0,892299.075
vega,cap62,C3,46,3.084,125000.0,875087.1124999999
vega,cap62,C3,47,3.166,37500.0,1143264.3625
vega,cap62,C3,47,3.166,50000.0,1122018.0625
vega,cap62,C3,47,3.166,62500.0,965547.4875
vega,cap62,C3,47,3.166,75000.0,950014.775
vega,cap62,C3,47,3.166,87500.0,909135.875
vega,cap62,C3,47,3.166,112500.0,889288.025
vega,cap62,C3,47,3.166,125000.0,875688.0
vega,cap62,C3,47,3.166,137500.0,866694.775
vega,cap62,C3,48,3.184,37500.0,1362056.6125
vega,cap62,C3,48,3.184,50000.0,1086098.675
vega,cap62,C3,48,3.184,62500.0,997169.15
vega,cap62,C3,48,3.184,75000.0,959258.5125
vega,cap62,C3,48,3.184,87500.0,936981.3375
vega,cap62,C3,48,3.184,100000.0,917051.4249999999
vega,cap62,C3,48,3.184,112500.0,896352.5625
vega,cap62,C3,48,3.184,125000.0,879949.2999999999
vega,cap62,C3,48,3.184,137500.0,869284.6749999999
vega,cap62,C3,49,3.204,37500.0,1231210.7
vega,cap62,C3,49,3.204,50000.0,1014385.1375
vega,cap62,C3,49,3.204,62500.0,1014253.175
vega,cap62,C3,49,3.204,75000.0,927416.8875
vega,cap62,C3,49,3.204,87500.0,905180.5125
vega,cap62,C3,49,3.204,100000.0,898954.125
vega,cap62,C3,49,3.204,112500.0,877074.45
vega,cap62,C3,49,3.204,137500.0,863362.75
vega,cap62,C3,49,3.204,150000.0,857772.5625
vega,cap62,C3,50,3.128,37500.0,1242071.025
vega,cap62,C3,50,3.128,50000.0,1068079.875
vega,cap62,C3,50,3.128,62500.0,1062854.575
vega,cap62,C3,50,3.128,75000.0,952925.1124999999
vega,cap62,C3,50,3.128,87500.0,913842.6124999999
vega,cap62,C3,50,3.128,100000.0,892955.6749999999
vega,cap62,C3,50,3.128,112500.0,884174.1749999999
vega,cap62,C3,51,3.089,37500.0,1171406.55
vega,cap62,C3,51,3.089,50000.0,1118708.7625
vega,cap62,C3,51,3.089,62500.0,991949.2875
vega,cap62,C3,51,3.089,75000.0,956119.0875
vega,cap62,C3,51,3.089,87500.0,899875.025
vega,cap62,C3,51,3.089,112500.0,893237.0125
vega,cap62,C3,51,3.089,125000.0,874161.3875
nsga2,cap62,C3,42,3.212,37500.0,1106041.975
nsga2,cap62,C3,42,3.212,50000.0,955801.2374999999
nsga2,cap62,C3,42,3.212,62500.0,931944.5375
nsga2,cap62,C3,42,3.212,75000.0,911655.7374999999
nsga2,cap62,C3,42,3.212,87500.0,891599.6124999999
nsga2,cap62,C3,42,3.212,100000.0,877799.4
nsga2,cap62,C3,42,3.212,112500.0,866376.2999999999
nsga2,cap62,C3,42,3.212,125000.0,857615.75
nsga2,cap62,C3,42,3.212,137500.0,851068.9
nsga2,cap62,C3,42,3.212,150000.0,846638.65
nsga2,cap62,C3,42,3.212,162500.0,842886.1
nsga2,cap62,C3,42,3.212,175000.0,839927.825
nsga2,cap62,C3,42,3.212,187500.0,837970.1875
nsga2,cap62,C3,43,3.332,37500.0,1106041.975
nsga2,cap62,C3,43,3.332,50000.0,955801.2374999999
nsga2,cap62,C3,43,3.332,62500.0,931944.5375
nsga2,cap62,C3,43,3.332,75000.0,911655.7374999999
nsga2,cap62,C3,43,3.332,87500.0,891599.6124999999
nsga2,cap62,C3,43,3.332,100000.0,877799.4
nsga2,cap62,C3,43,3.332,112500.0,866376.2999999999
nsga2,cap62,C3,43,3.332,125000.0,857615.75
nsga2,cap62,C3,43,3.332,137500.0,851068.9
nsga2,cap62,C3,43,3.332,150000.0,846638.65
nsga2,cap62,C3,43,3.332,162500.0,842886.1
nsga2,cap62,C3,43,3.332,175000.0,839927.825
nsga2,cap62,C3,43,3.332,187500.0,837970.1875
nsga2,cap62,C3,44,2.485,37500.0,1106041.975
nsga2,cap62,C3,44,2.485,50000.0,955801.2374999999
nsga2,cap62,C3,44,2.485,62500.0,931944.5375
nsga2,cap62,C3,44,2.485,75000.0,911655.7374999999
nsga2,cap62,C3,44,2.485,87500.0,891599.6124999999
nsga2,cap62,C3,44,2.485,100000.0,877799.4
nsga2,cap62,C3,44,2.485,112500.0,866376.2999999999
nsga2,cap62,C3,44,2.485,125000.0,857615.75
nsga2,cap62,C3,44,2.485,137500.0,851068.9
nsga2,cap62,C3,44,2.485,150000.0,846638.65
nsga2,cap62,C3,44,2.485,162500.0,842886.1
nsga2,cap62,C3,44,2.485,175000.0,839927.825
nsga2,cap62,C3,44,2.485,187500.0,837970.1875
nsga2,cap62,C3,45,2.544,37500.0,1106041.975
nsga2,cap62,C3,45,2.544,50000.0,955801.2374999999
nsga2,cap62,C3,45,2.544,62500.0,931944.5375
nsga2,cap62,C3,45,2.544,75000.0,911655.7374999999
nsga2,cap62,C3,45,2.544,87500.0,891599.6124999999
nsga2,cap62,C3,45,2.544,100000.0,877799.4
nsga2,cap62,C3,45,2.544,112500.0,866376.2999999999
nsga2,cap62,C3,45,2.544,125000.0,857615.75
nsga2,cap62,C3,45,2.544,137500.0,851068.9
nsga2,cap62,C3,45,2.544,150000.0,846638.65
nsga2,cap62,C3,45,2.544,162500.0,842886.1
nsga2,cap62,C3,45,2.544,175000.0,839927.825
nsga2,cap62,C3,45,2.544,187500.0,837970.1875
nsga2,cap62,C3,46,2.547,37500.0,1106041.975
nsga2,cap62,C3,46,2.547,50000.0,955801.2374999999
nsga2,cap62,C3,46,2.547,62500.0,931944.5375
nsga2,cap62,C3,46,2.547,75000.0,911655.7374999999
nsga2,cap62,C3,46,2.547,87500.0,891599.6124999999
nsga2,cap62,C3,46,2.547,100000.0,877799.4
nsga2,cap62,C3,46,2.547,112500.0,866376.2999999999
nsga2,cap62,C3,46,2.547,125000.0,857615.75
nsga2,cap62,C3,46,2.547,137500.0,851068.9
nsga2,cap62,C3,46,2.547,150000.0,846638.65
nsga2,cap62,C3,46,2.547,162500.0,842886.1
nsga2,cap62,C3,46,2.547,175000.0,839927.825
nsga2,cap62,C3,46,2.547,187500.0,837970.1875
nsga2,cap62,C3,47,2.486,37500.0,1106041.975
nsga2,cap62,C3,47,2.486,50000.0,955801.2374999999
nsga2,cap62,C3,47,2.486,62500.0,931944.5375
nsga2,cap62,C3,47,2.486,75000.0,911655.7374999999
nsga2,cap62,C3,47,2.486,87500.0,891599.6124999999
nsga2,cap62,C3,47,2.486,100000.0,877799.4
nsga2,cap62,C3,47,2.486,112500.0,866376.2999999999
nsga2,cap62,C3,47,2.486,125000.0,857615.75
nsga2,cap62,C3,47,2.486,137500.0,851068.9
nsga2,cap62,C3,47,2.486,150000.0,846638.65
nsga2,cap62,C3,47,2.486,162500.0,842886.1
nsga2,cap62,C3,47,2.486,175000.0,839927.825
nsga2,cap62,C3,47,2.486,187500.0,837970.1875
nsga2,cap62,C3,48,2.544,37500.0,1106041.975
nsga2,cap62,C3,48,2.544,50000.0,955801.2374999999
nsga2,cap62,C3,48,2.544,62500.0,931944.5375
nsga2,cap62,C3,48,2.544,75000.0,911655.7374999999
nsga2,cap62,C3,48,2.544,87500.0,891599.6124999999
nsga2,cap62,C3,48,2.544,100000.0,877799.4
nsga2,cap62,C3,48,2.544,112500.0,866376.2999999999
nsga2,cap62,C3,48,2.544,125000.0,857615.75
nsga2,cap62,C3,48,2.544,137500.0,851068.9
nsga2,cap62,C3,48,2.544,150000.0,846638.65
nsga2,cap62,C3,48,2.544,162500.0,842886.1
nsga2,cap62,C3,48,2.544,175000.0,839927.825
nsga2,cap62,C3,48,2.544,187500.0,837970.1875
nsga2,cap62,C3,49,2.544,37500.0,1106041.975
nsga2,cap62,C3,49,2.544,50000.0,955801.2374999999
nsga2,cap62,C3,49,2.544,62500.0,931944.5375
nsga2,cap62,C3,49,2.544,75000.0,911655.7374999999
nsga2,cap62,C3,49,2.544,87500.0,891599.6124999999
nsga2,cap62,C3,49,2.544,100000.0,877799.4
nsga2,cap62,C3,49,2.544,112500.0,866376.2999999999
nsga2,cap62,C3,49,2.544,125000.0,857615.75
nsga2,cap62,C3,49,2.544,137500.0,851068.9
nsga2,cap62,C3,49,2.544,150000.0,846638.65
nsga2,cap62,C3,49,2.544,162500.0,842886.1
nsga2,cap62,C3,49,2.544,175000.0,839927.825
nsga2,cap62,C3,49,2.544,187500.0,837970.1875
nsga2,cap62,C3,50,2.468,37500.0,1106041.975
nsga2,cap62,C3,50,2.468,50000.0,955801.2374999999
nsga2,cap62,C3,50,2.468,62500.0,931944.5375
nsga2,cap62,C3,50,2.468,75000.0,911655.7374999999
nsga2,cap62,C3,50,2.468,87500.0,891599.6124999999
nsga2,cap62,C3,50,2.468,100000.0,877799.4
nsga2,cap62,C3,50,2.468,112500.0,866376.2999999999
nsga2,cap62,C3,50,2.468,125000.0,857615.75
nsga2,cap62,C3,50,2.468,137500.0,851068.9
nsga2,cap62,C3,50,2.468,150000.0,846638.65
nsga2,cap62,C3,50,2.468,162500.0,842886.1
nsga2,cap62,C3,50,2.468,175000.0,839927.825
nsga2,cap62,C3,50,2.468,187500.0,837970.1875
nsga2,cap62,C3,51,2.475,37500.0,1106041.975
nsga2,cap62,C3,51,2.475,50000.0,955801.2374999999
nsga2,cap62,C3,51,2.475,62500.0,931944.5375
nsga2,cap62,C3,51,2.475,75000.0,911655.7374999999
nsga2,cap62,C3,51,2.475,87500.0,891599.6124999999
nsga2,cap62,C3,51,2.475,100000.0,877799.4
nsga2,cap62,C3,51,2.475,112500.0,866376.2999999999
nsga2,cap62,C3,51,2.475,125000.0,857615.75
nsga2,cap62,C3,51,2.475,137500.0,851068.9
nsga2,cap62,C3,51,2.475,150000.0,846638.65
nsga2,cap62,C3,51,2.475,162500.0,842886.1
nsga2,cap62,C3,51,2.475,175000.0,839927.825
nsga2,cap62,C3,51,2.475,187500.0,837970.1875
vega,cap101,C1,42,0.285,30000.0,862195.8375
vega,cap101,C1,42,0.285,45000.0,821410.3375
vega,cap101,C1,42,0.285,60000.0,775968.65
vega,cap101,C1,42,0.285,75000.0,772935.1625
vega,cap101,C1,42,0.285,97500.0,749429.1125
vega,cap101,C1,43,0.258,22500.0,1065822.175
vega,cap101,C1,43,0.258,30000.0,1051872.5
vega,cap101,C1,43,0.258,37500.0,868089.875
vega,cap101,C1,43,0.258,45000.0,860946.65
vega,cap101,C1,43,0.258,52500.0,797846.1625
vega,cap101,C1,43,0.258,60000.0,781910.6875
vega,cap101,C1,43,0.258,67500.0,760784.825
vega,cap101,C1,43,0.258,75000.0,748656.9625
vega,cap101,C1,43,0.258,82500.0,742508.85
vega,cap101,C1,43,0.258,105000.0,725389.2875
vega,cap101,C1,44,0.249,15000.0,1458934.3125
vega,cap101,C1,44,0.249,37500.0,857274.7375
vega,cap101,C1,44,0.249,45000.0,814657.9125
vega,cap101,C1,44,0.249,52500.0,793644.45
vega,cap101,C1,44,0.249,60000.0,777931.8875
vega,cap101,C1,44,0.249,67500.0,777102.1375
vega,cap101,C1,44,0.249,75000.0,772087.65
vega,cap101,C1,44,0.249,82500.0,756766.9
vega,cap101,C1,44,0.249,90000.0,745207.85
vega,cap101,C1,45,0.24,22500.0,1204236.4125
vega,cap101,C1,45,0.24,30000.0,866571.0
vega,cap101,C1,45,0.24,37500.0,853307.525
vega,cap101,C1,45,0.24,52500.0,799258.3375
vega,cap101,C1,45,0.24,60000.0,779142.7375
vega,cap101,C1,45,0.24,67500.0,763682.8625
vega,cap101,C1,45,0.24,75000.0,759230.675
vega,cap101,C1,45,0.24,82500.0,733822.65
vega,cap101,C1,45,0.24,97500.0,712766.6125
vega,cap101,C1,46,0.261,15000.0,1094688.525
vega,cap101,C1,46,0.261,22500.0,944024.3125
vega,cap101,C1,46,0.261,30000.0,889208.9875
vega,cap101,C1,46,0.261,37500.0,835222.025
vega,cap101,C1,46,0.261,52500.0,814496.1375
vega,cap101,C1,46,0.261,60000.0,798779.35
vega,cap101,C1,46,0.261,67500.0,765364.4625
vega,cap101,C1,46,0.261,75000.0,763199.6
vega,cap101,C1,46,0.261,82500.0,738441.2
vega,cap101,C1,46,0.261,97500.0,724810.15
vega,cap101,C1,47,0.269,37500.0,1023066.875
vega,cap101,C1,47,0.269,45000.0,863103.2
vega,cap101,C1,47,0.269,60000.0,788846.375
vega,cap101,C1,47,0.269,67500.0,759330.55
vega,cap101,C1,47,0.269,82500.0,745314.275
vega,cap101,C1,47,0.269,105000.0,741925.2375
vega,cap101,C1,48,0.266,37500.0,952730.6
vega,cap101,C1,48,0.266,45000.0,948338.4625
vega,cap101,C1,48,0.266,52500.0,802116.2375
vega,cap101,C1,48,0.266,60000.0,794516.3375
vega,cap101,C1,48,0.266,67500.0,780176.9
vega,cap101,C1,48,0.266,75000.0,750389.375
vega,cap101,C1,48,0.266,97500.0,733213.35
vega,cap101,C1,49,0.249,15000.0,928536.9875
vega,cap101,C1,49,0.249,37500.0,903506.8
vega,cap101,C1,49,0.249,45000.0,894499.4875
vega,cap101,C1,49,0.249,52500.0,827965.725
vega,cap101,C1,49,0.249,60000.0,793735.5625
vega,cap101,C1,49,0.249,67500.0,768311.3
vega,cap101,C1,49,0.249,82500.0,756643.8625
vega,cap101,C1,49,0.249,90000.0,735657.95
vega,cap101,C1,49,0.249,120000.0,724812.1625
vega,cap101,C1,50,0.272,30000.0,1095081.4
vega,cap101,C1,50,0.272,37500.0,848277.775
vega,cap101,C1,50,0.272,45000.0,824350.0625
vega,cap101,C1,50,0.272,52500.0,814876.5875
vega,cap101,C1,50,0.272,60000.0,786466.875
vega,cap101,C1,50,0.272,67500.0,766438.35
vega,cap101,C1,50,0.272,82500.0,763588.2
vega,cap101,C1,50,0.272,90000.0,754204.425
vega,cap101,C1,51,0.263,37500.0,818470.275
vega,cap101,C1,51,0.263,52500.0,793085.4125
vega,cap101,C1,51,0.263,60000.0,787737.025
vega,cap101,C1,51,0.263,67500.0,756809.3
vega,cap101,C1,51,0.263,82500.0,743337.05
vega,cap101,C1,51,0.263,90000.0,735079.675
vega,cap101,C1,51,0.263,97500.0,731114.55
nsga2,cap101,C1,42,0.289,0.0,1248142.9
nsga2,cap101,C1,42,0.289,7500.0,1067662.1
nsga2,cap101,C1,42,0.289,15000.0,895519.125
nsga2,cap101,C1,42,0.289,22500.0,853941.75
nsga2,cap101,C1,42,0.289,30000.0,829460.975
nsga2,cap101,C1,42,0.289,37500.0,808092.7625
nsga2,cap101,C1,42,0.289,45000.0,789008.1375
nsga2,cap101,C1,42,0.289,52500.0,771282.1125
nsga2,cap101,C1,42,0.289,60000.0,756767.0625
nsga2,cap101,C1,42,0.289,67500.0,742966.85
nsga2,cap101,C1,42,0.289,75000.0,729704.2
nsga2,cap101,C1,42,0.289,82500.0,718281.1
nsga2,cap101,C1,42,0.289,90000.0,709103.6
nsga2,cap101,C1,42,0.289,97500.0,700008.725
nsga2,cap101,C1,42,0.289,105000.0,691648.4375
nsga2,cap101,C1,42,0.289,112500.0,685082.2875
nsga2,cap101,C1,42,0.289,120000.0,678535.4375
nsga2,cap101,C1,42,0.289,127500.0,673705.975
nsga2,cap101,C1,42,0.289,135000.0,668892.7
nsga2,cap101,C1,42,0.289,142500.0,664462.45
nsga2,cap101,C1,42,0.289,150000.0,660709.9
nsga2,cap101,C1,42,0.289,157500.0,658218.8125
nsga2,cap101,C1,42,0.289,165000.0,656001.7625
nsga2,cap101,C1,42,0.289,172500.0,653838.7875
nsga2,cap101,C1,43,0.293,0.0,1248142.9
nsga2,cap101,C1,43,0.293,7500.0,1067662.1
nsga2,cap101,C1,43,0.293,15000.0,895519.125
nsga2,cap101,C1,43,0.293,22500.0,853941.75
nsga2,cap101,C1,43,0.293,30000.0,829460.975
nsga2,cap101,C1,43,0.293,37500.0,807527.1875
nsga2,cap101,C1,43,0.293,45000.0,789008.1375
nsga2,cap101,C1,43,0.293,52500.0,771282.1125
nsga2,cap101,C1,43,0.293,60000.0,756767.0625
nsga2,cap101,C1,43,0.293,67500.0,742966.85
nsga2,cap101,C1,43,0.293,75000.0,729704.2
nsga2,cap101,C1,43,0.293,82500.0,718281.1
nsga2,cap101,C1,43,0.293,90000.0,709103.6
nsga2,cap101,C1,43,0.293,97500.0,700008.725
nsga2,cap101,C1,43,0.293,105000.0,691648.4375
nsga2,cap101,C1,43,0.293,112500.0,685082.2875
nsga2,cap101,C1,43,0.293,120000.0,678535.4375
nsga2,cap101,C1,43,0.293,127500.0,673705.975
nsga2,cap101,C1,43,0.293,135000.0,668892.7
nsga2,cap101,C1,43,0.293,142500.0,664462.45
nsga2,cap101,C1,43,0.293,150000.0,660709.9
nsga2,cap101,C1,43,0.293,157500.0,658218.8125
nsga2,cap101,C1,43,0.293,165000.0,656001.7625
nsga2,cap101,C1,43,0.293,172500.0,653838.7875
nsga2,cap101,C1,43,0.293,180000.0,652291.15
nsga2,cap101,C1,44,0.241,0.0,1248142.9
nsga2,cap101,C1,44,0.241,7500.0,1067662.1
nsga2,cap101,C1,44,0.241,15000.0,895519.125
nsga2,cap101,C1,44,0.241,22500.0,853941.75
nsga2,cap101,C1,44,0.241,30000.0,829460.975
nsga2,cap101,C1,44,0.241,37500.0,807527.1875
nsga2,cap101,C1,44,0.241,45000.0,789008.1375
nsga2,cap101,C1,44,0.241,52500.0,771282.1125
nsga2,cap101,C1,44,0.241,60000.0,756767.0625
nsga2,cap101,C1,44,0.241,67500.0,742966.85
nsga2,cap101,C1,44,0.241,75000.0,729704.2
nsga2,cap101,C1,44,0.241,82500.0,718281.1
nsga2,cap101,C1,44,0.241,90000.0,709103.6
nsga2,cap101,C1,44,0.241,97500.0,700008.725
nsga2,cap101,C1,44,0.241,105000.0,691648.4375
nsga2,cap101,C1,44,0.241,112500.0,685082.2875
nsga2,cap101,C1,44,0.241,120000.0,678535.4375
nsga2,cap101,C1,44,0.241,127500.0,673705.975
nsga2,cap101,C1,44,0.241,135000.0,668892.7
nsga2,cap101,C1,44,0.241,142500.0,664462.45
nsga2,cap101,C1,44,0.241,150000.0,660709.9
nsga2,cap101,C1,44,0.241,157500.0,658492.85
nsga2,cap101,C1,44,0.241,165000.0,656001.7625
nsga2,cap101,C1,44,0.241,172500.0,653838.7875
nsga2,cap101,C1,44,0.241,180000.0,652291.15
nsga2,cap101,C1,45,0.241,0.0,1248142.9
nsga2,cap101,C1,45,0.241,7500.0,1067662.1
nsga2,cap101,C1,45,0.241,15000.0,895519.125
nsga2,cap101,C1,45,0.241,22500.0,853941.75
nsga2,cap101,C1,45,0.241,30000.0,829460.975
nsga2,cap101,C1,45,0.241,37500.0,807527.1875
nsga2,cap101,C1,45,0.241,45000.0,789008.1375
nsga2,cap101,C1,45,0.241,52500.0,771282.1125
nsga2,cap101,C1,45,0.241,60000.0,756767.0625
nsga2,cap101,C1,45,0.241,67500.0,742966.85
nsga2,cap101,C1,45,0.241,75000.0,729704.2
nsga2,cap101,C1,45,0.241,82500.0,718281.1
nsga2,cap101,C1,45,0.241,90000.0,709103.6
nsga2,cap101,C1,45,0.241,97500.0,700008.725
nsga2,cap101,C1,45,0.241,105000.0,691648.4375
nsga2,cap101,C1,45,0.241,112500.0,685082.2875
nsga2,cap101,C1,45,0.241,120000.0,678535.4375
nsga2,cap101,C1,45,0.241,127500.0,673705.975
nsga2,cap101,C1,45,0.241,135000.0,668892.7
nsga2,cap101,C1,45,0.241,142500.0,664462.45
nsga2,cap101,C1,45,0.241,150000.0,660709.9
nsga2,cap101,C1,45,0.241,157500.0,658218.8125
nsga2,cap101,C1,45,0.241,165000.0,656001.7625
nsga2,cap101,C1,45,0.241,172500.0,653838.7875
nsga2,cap101,C1,45,0.241,180000.0,652291.15
nsga2,cap101,C1,46,0.238,0.0,1248142.9
nsga2,cap101,C1,46,0.238,7500.0,1067662.1
nsga2,cap101,C1,46,0.238,15000.0,895519.125
nsga2,cap101,C1,46,0.238,22500.0,853941.75
nsga2,cap101,C1,46,0.238,30000.0,829460.975
nsga2,cap101,C1,46,0.238,37500.0,807527.1875
nsga2,cap101,C1,46,0.238,45000.0,789573.7125
nsga2,cap101,C1,46,0.238,52500.0,771282.1125
nsga2,cap101,C1,46,0.238,60000.0,756767.0625
nsga2,cap101,C1,46,0.238,67500.0,742966.85
nsga2,cap101,C1,46,0.238,75000.0,729704.2
nsga2,cap101,C1,46,0.238,82500.0,718281.1
nsga2,cap101,C1,46,0.238,90000.0,709103.6
nsga2,cap101,C1,46,0.238,97500.0,700008.725
nsga2,cap101,C1,46,0.238,105000.0,691648.4375
nsga2,cap101,C1,46,0.238,112500.0,685082.2875
nsga2,cap101,C1,46,0.238,120000.0,678535.4375
nsga2,cap101,C1,46,0.238,127500.0,673705.975
nsga2,cap101,C1,46,0.238,135000.0,668892.7
nsga2,cap101,C1,46,0.238,142500.0,664462.45
nsga2,cap101,C1,46,0.238,150000.0,660709.9
nsga2,cap101,C1,46,0.238,157500.0,658218.8125
nsga2,cap101,C1,46,0.238,165000.0,656001.7625
nsga2,cap101,C1,46,0.238,172500.0,653838.7875
nsga2,cap101,C1,46,0.238,180000.0,652291.15
nsga2,cap101,C1,47,0.238,0.0,1248142.9
nsga2,cap101,C1,47,0.238,7500.0,1067662.1
nsga2,cap101,C1,47,0.238,15000.0,895519.125
nsga2,cap101,C1,47,0.238,22500.0,853941.75
nsga2,cap101,C1,47,0.238,30000.0,829460.975
nsga2,cap101,C1,47,0.238,37500.0,807527.1875
nsga2,cap101,C1,47,0.238,45000.0,789008.1375
nsga2,cap101,C1,47,0.238,52500.0,771282.1125
nsga2,cap101,C1,47,0.238,60000.0,756767.0625
nsga2,cap101,C1,47,0.238,67500.0,742966.85
nsga2,cap101,C1,47,0.238,75000.0,729704.2
nsga2,cap101,C1,47,0.238,82500.0,718281.1
nsga2,cap101,C1,47,0.238,90000.0,709103.6
nsga2,cap101,C1,47,0.238,97500.0,700008.725
nsga2,cap101,C1,47,0.238,105000.0,691648.4375
nsga2,cap101,C1,47,0.238,112500.0,685082.2875
nsga2,cap101,C1,47,0.238,120000.0,678535.4375
nsga2,cap101,C1,47,0.238,127500.0,673705.975
nsga2,cap101,C1,47,0.238,135000.0,668892.7
nsga2,cap101,C1,47,0.238,142500.0,664462.45
nsga2,cap101,C1,47,0.238,150000.0,660709.9
nsga2,cap101,C1,47,0.238,157500.0,658218.8125
nsga2,cap101,C1,47,0.238,165000.0,656001.7625
nsga2,cap101,C1,47,0.238,172500.0,653838.7875
nsga2,cap101,C1,47,0.238,180000.0,652291.15
nsga2,cap101,C1,48,0.235,0.0,1248142.9
nsga2,cap101,C1,48,0.235,7500.0,1067662.1
nsga2,cap101,C1,48,0.235,15000.0,895519.125
nsga2,cap101,C1,48,0.235,22500.0,853941.75
nsga2,cap101,C1,48,0.235,30000.0,829460.975
nsga2,cap101,C1,48,0.235,37500.0,807527.1875
nsga2,cap101,C1,48,0.235,45000.0,789008.1375
nsga2,cap101,C1,48,0.235,52500.0,771282.1125
nsga2,cap101,C1,48,0.235,60000.0,756767.0625
nsga2,cap101,C1,48,0.235,67500.0,742966.85
nsga2,cap101,C1,48,0.235,75000.0,729704.2
nsga2,cap101,C1,48,0.235,82500.0,718281.1
nsga2,cap101,C1,48,0.235,90000.0,709103.6
nsga2,cap101,C1,48,0.235,97500.0,700008.725
nsga2,cap101,C1,48,0.235,105000.0,691648.4375
nsga2,cap101,C1,48,0.235,112500.0,685082.2875
nsga2,cap101,C1,48,0.235,120000.0,678535.4375
nsga2,cap101,C1,48,0.235,127500.0,673705.975
nsga2,cap101,C1,48,0.235,135000.0,668892.7
nsga2,cap101,C1,48,0.235,142500.0,664462.45
nsga2,cap101,C1,48,0.235,150000.0,660709.9
nsga2,cap101,C1,48,0.235,157500.0,658218.8125
nsga2,cap101,C1,48,0.235,165000.0,656001.7625
nsga2,cap101,C1,48,0.235,172500.0,653838.7875
nsga2,cap101,C1,48,0.235,180000.0,652291.15
nsga2,cap101,C1,49,0.238,0.0,1248142.9
nsga2,cap101,C1,49,0.238,7500.0,1067662.1
nsga2,cap101,C1,49,0.238,15000.0,895519.125
nsga2,cap101,C1,49,0.238,22500.0,853941.75
nsga2,cap101,C1,49,0.238,30000.0,829460.975
nsga2,cap101,C1,49,0.238,37500.0,807527.1875
nsga2,cap101,C1,49,0.238,45000.0,789008.1375
nsga2,cap101,C1,49,0.238,52500.0,771282.1125
nsga2,cap101,C1,49,0.238,60000.0,756767.0625
nsga2,cap101,C1,49,0.238,67500.0,742966.85
nsga2,cap101,C1,49,0.238,75000.0,729704.2
nsga2,cap101,C1,49,0.238,82500.0,718281.1
nsga2,cap101,C1,49,0.238,90000.0,709103.6
nsga2,cap101,C1,49,0.238,97500.0,700008.725
nsga2,cap101,C1,49,0.238,105000.0,691648.4375
nsga2,cap101,C1,49,0.238,112500.0,685082.2875
nsga2,cap101,C1,49,0.238,120000.0,678535.4375
nsga2,cap101,C1,49,0.238,127500.0,673705.975
nsga2,cap101,C1,49,0.238,135000.0,668892.7
nsga2,cap101,C1,49,0.238,142500.0,664462.45
nsga2,cap101,C1,49,0.238,150000.0,660709.9
nsga2,cap101,C1,49,0.238,157500.0,658218.8125
nsga2,cap101,C1,49,0.238,165000.0,656001.7625
nsga2,cap101,C1,49,0.238,172500.0,653838.7875
nsga2,cap101,C1,49,0.238,180000.0,652291.15
nsga2,cap101,C1,50,0.246,0.0,1248142.9
nsga2,cap101,C1,50,0.246,7500.0,1067662.1
nsga2,cap101,C1,50,0.246,15000.0,895519.125
nsga2,cap101,C1,50,0.246,22500.0,853941.75
nsga2,cap101,C1,50,0.246,30000.0,829460.975
nsga2,cap101,C1,50,0.246,37500.0,807527.1875
nsga2,cap101,C1,50,0.246,45000.0,789008.1375
nsga2,cap101,C1,50,0.246,52500.0,771282.1125
nsga2,cap101,C1,50,0.246,60000.0,756767.0625
nsga2,cap101,C1,50,0.246,67500.0,742966.85
nsga2,cap101,C1,50,0.246,75000.0,729704.2
nsga2,cap101,C1,50,0.246,82500.0,718281.1
nsga2,cap101,C1,50,0.246,90000.0,709103.6
nsga2,cap101,C1,50,0.246,97500.0,700008.725
nsga2,cap101,C1,50,0.246,105000.0,691648.4375
nsga2,cap101,C1,50,0.246,112500.0,685082.2875
nsga2,cap101,C1,50,0.246,120000.0,678535.4375
nsga2,cap101,C1,50,0.246,127500.0,673705.975
nsga2,cap101,C1,50,0.246,135000.0,668892.7
nsga2,cap101,C1,50,0.246,142500.0,664462.45
nsga2,cap101,C1,50,0.246,150000.0,660709.9
nsga2,cap101,C1,50,0.246,157500.0,658218.8125
nsga2,cap101,C1,50,0.246,165000.0,656001.7625
nsga2,cap101,C1,50,0.246,172500.0,653838.7875
nsga2,cap101,C1,50,0.246,180000.0,652291.15
nsga2,cap101,C1,51,0.225,0.0,1248142.9
nsga2,cap101,C1,51,0.225,7500.0,1067662.1
nsga2,cap101,C1,51,0.225,15000.0,895519.125
nsga2,cap101,C1,51,0.225,22500.0,853941.75
nsga2,cap101,C1,51,0.225,30000.0,829460.975
nsga2,cap101,C1,51,0.225,37500.0,807527.1875
nsga2,cap101,C1,51,0.225,45000.0,789008.1375
nsga2,cap101,C1,51,0.225,52500.0,771282.1125
nsga2,cap101,C1,51,0.225,60000.0,756767.0625
nsga2,cap101,C1,51,0.225,67500.0,742966.85
nsga2,cap101,C1,51,0.225,75000.0,729704.2
nsga2,cap101,C1,51,0.225,82500.0,718281.1
nsga2,cap101,C1,51,0.225,90000.0,709103.6
nsga2,cap101,C1,51,0.225,97500.0,700008.725
nsga2,cap101,C1,51,0.225,105000.0,691648.4375
nsga2,cap101,C1,51,0.225,112500.0,685082.2875
nsga2,cap101,C1,51,0.225,120000.0,678535.4375
nsga2,cap101,C1,51,0.225,127500.0,673705.975
nsga2,cap101,C1,51,0.225,135000.0,668892.7
nsga2,cap101,C1,51,0.225,142500.0,664462.45
nsga2,cap101,C1,51,0.225,150000.0,660709.9
nsga2,cap101,C1,51,0.225,157500.0,658218.8125
nsga2,cap101,C1,51,0.225,165000.0,656001.7625
nsga2,cap101,C1,51,0.225,172500.0,653838.7875
nsga2,cap101,C1,51,0.225,180000.0,652291.15
vega,cap101,C2,42,0.865,22500.0,935817.9625
vega,cap101,C2,42,0.865,45000.0,820433.7875
vega,cap101,C2,42,0.865,52500.0,807962.425
vega,cap101,C2,42,0.865,60000.0,783445.1375
vega,cap101,C2,42,0.865,67500.0,755856.475
vega,cap101,C2,42,0.865,82500.0,748523.5125
vega,cap101,C2,42,0.865,90000.0,733708.7875
vega,cap101,C2,42,0.865,97500.0,719641.1
vega,cap101,C2,43,0.817,15000.0,1049143.05
vega,cap101,C2,43,0.817,30000.0,855871.85
vega,cap101,C2,43,0.817,37500.0,837122.1124999999
vega,cap101,C2,43,0.817,45000.0,815229.9375
vega,cap101,C2,43,0.817,52500.0,796518.5875
vega,cap101,C2,43,0.817,60000.0,782298.1125
vega,cap101,C2,43,0.817,67500.0,781245.5125
vega,cap101,C2,43,0.817,75000.0,780149.775
vega,cap101,C2,43,0.817,82500.0,749184.15
vega,cap101,C2,43,0.817,90000.0,748571.2
vega,cap101,C2,44,0.829,15000.0,1152934.4125
vega,cap101,C2,44,0.829,30000.0,970889.9125
vega,cap101,C2,44,0.829,37500.0,835531.85
vega,cap101,C2,44,0.829,45000.0,833633.7
vega,cap101,C2,44,0.829,52500.0,793337.375
vega,cap101,C2,44,0.829,60000.0,784558.2375
vega,cap101,C2,44,0.829,67500.0,760613.2625
vega,cap101,C2,44,0.829,75000.0,759969.5625
vega,cap101,C2,44,0.829,82500.0,746565.1375
vega,cap101,C2,44,0.829,97500.0,746289.55
vega,cap101,C2,44,0.829,112500.0,733438.1375
vega,cap101,C2,45,0.778,30000.0,958422.1124999999
vega,cap101,C2,45,0.778,37500.0,948826.4
vega,cap101,C2,45,0.778,45000.0,814214.2125
vega,cap101,C2,45,0.778,52500.0,790856.35
vega,cap101,C2,45,0.778,60000.0,783440.5
vega,cap101,C2,45,0.778,67500.0,770717.4375
vega,cap101,C2,45,0.778,75000.0,758910.4875
vega,cap101,C2,45,0.778,82500.0,752603.075
vega,cap101,C2,45,0.778,90000.0,743101.4125
vega,cap101,C2,45,0.778,97500.0,736421.25
vega,cap101,C2,45,0.778,105000.0,733369.325
vega,cap101,C2,46,0.808,37500.0,921129.55
vega,cap101,C2,46,0.808,45000.0,831608.3250000001
vega,cap101,C2,46,0.808,52500.0,789821.2374999999
vega,cap101,C2,46,0.808,60000.0,770146.6875
vega,cap101,C2,46,0.808,67500.0,757793.9125
vega,cap101,C2,46,0.808,75000.0,749302.675
vega,cap101,C2,46,0.808,82500.0,736331.4
vega,cap101,C2,46,0.808,90000.0,711188.3625
vega,cap101,C2,47,0.824,30000.0,1048355.75
vega,cap101,C2,47,0.824,37500.0,817492.9125
vega,cap101,C2,47,0.824,52500.0,792413.7875
vega,cap101,C2,47,0.824,60000.0,780411.6625
vega,cap101,C2,47,0.824,67500.0,756435.5375
vega,cap101,C2,47,0.824,82500.0,752926.2625
vega,cap101,C2,47,0.824,90000.0,749190.25
vega,cap101,C2,47,0.824,105000.0,722055.2
vega,cap101,C2,47,0.824,112500.0,710662.9875
vega,cap101,C2,47,0.824,120000.0,706634.225
vega,cap101,C2,48,0.804,30000.0,1024265.875
vega,cap101,C2,48,0.804,37500.0,840228.7125
vega,cap101,C2,48,0.804,45000.0,819516.3375
vega,cap101,C2,48,0.804,52500.0,797029.9625
vega,cap101,C2,48,0.804,60000.0,786485.65
vega,cap101,C2,48,0.804,67500.0,778540.275
vega,cap101,C2,48,0.804,75000.0,756409.2125
vega,cap101,C2,48,0.804,82500.0,747179.1
vega,cap101,C2,48,0.804,90000.0,727047.325
vega,cap101,C2,48,0.804,97500.0,717171.775
vega,cap101,C2,49,0.799,37500.0,937678.4875
vega,cap101,C2,49,0.799,45000.0,826238.6375
vega,cap101,C2,49,0.799,52500.0,815907.5625
vega,cap101,C2,49,0.799,60000.0,782737.3625
vega,cap101,C2,49,0.799,67500.0,770975.45
vega,cap101,C2,49,0.799,75000.0,764462.4875
vega,cap101,C2,49,0.799,82500.0,746941.275
vega,cap101,C2,49,0.799,97500.0,735504.1375
vega,cap101,C2,50,0.819,22500.0,1057769.4625
vega,cap101,C2,50,0.819,30000.0,927567.3625
vega,cap101,C2,50,0.819,37500.0,853501.675
vega,cap101,C2,50,0.819,45000.0,826613.7625
vega,cap101,C2,50,0.819,52500.0,796221.625
vega,cap101,C2,50,0.819,60000.0,787238.7374999999
vega,cap101,C2,50,0.819,67500.0,774329.1749999999
vega,cap101,C2,50,0.819,75000.0,747683.575
vega,cap101,C2,50,0.819,82500.0,736709.075
vega,cap101,C2,51,0.833,30000.0,903672.425
vega,cap101,C2,51,0.833,37500.0,884671.825
vega,cap101,C2,51,0.833,45000.0,844702.225
vega,cap101,C2,51,0.833,52500.0,804671.1375
vega,cap101,C2,51,0.833,60000.0,778880.2875
vega,cap101,C2,51,0.833,67500.0,759717.15
vega,cap101,C2,51,0.833,75000.0,749876.775
vega,cap101,C2,51,0.833,82500.0,748675.075
vega,cap101,C2,51,0.833,90000.0,717768.575
vega,cap101,C2,51,0.833,105000.0,708610.075
nsga2,cap101,C2,42,0.897,0.0,1248142.9
nsga2,cap101,C2,42,0.897,7500.0,1067662.1
nsga2,cap101,C2,42,0.897,15000.0,895519.125
nsga2,cap101,C2,42,0.897,22500.0,853941.75
nsga2,cap101,C2,42,0.897,30000.0,829460.975
nsga2,cap101,C2,42,0.897,37500.0,807527.1875
nsga2,cap101,C2,42,0.897,45000.0,789008.1375
nsga2,cap101,C2,42,0.897,52500.0,771282.1125
nsga2,cap101,C2,42,0.897,60000.0,756767.0625
nsga2,cap101,C2,42,0.897,67500.0,742966.85
nsga2,cap101,C2,42,0.897,75000.0,729704.2
nsga2,cap101,C2,42,0.897,82500.0,718281.1
nsga2,cap101,C2,42,0.897,90000.0,709103.6
nsga2,cap101,C2,42,0.897,97500.0,700008.725
nsga2,cap101,C2,42,0.897,105000.0,691648.4375
nsga2,cap101,C2,42,0.897,112500.0,685082.2875
nsga2,cap101,C2,42,0.897,120000.0,678535.4375
nsga2,cap101,C2,42,0.897,127500.0,673705.975
nsga2,cap101,C2,42,0.897,135000.0,668892.7
nsga2,cap101,C2,42,0.897,142500.0,664462.45
nsga2,cap101,C2,42,0.897,150000.0,660709.9
nsga2,cap101,C2,42,0.897,157500.0,658218.8125
nsga2,cap101,C2,42,0.897,165000.0,656001.7625
nsga2,cap101,C2,42,0.897,172500.0,653838.7875
nsga2,cap101,C2,42,0.897,180000.0,652291.15
nsga2,cap101,C2,43,0.867,0.0,1248142.9
nsga2,cap101,C2,43,0.867,7500.0,1067662.1
nsga2,cap101,C2,43,0.867,15000.0,895519.125
nsga2,cap101,C2,43,0.867,22500.0,853941.75
nsga2,cap101,C2,43,0.867,30000.0,829460.975
nsga2,cap101,C2,43,0.867,37500.0,807527.1875
nsga2,cap101,C2,43,0.867,45000.0,789008.1375
nsga2,cap101,C2,43,0.867,52500.0,771282.1125
nsga2,cap101,C2,43,0.867,60000.0,756767.0625
nsga2,cap101,C2,43,0.867,67500.0,742966.85
nsga2,cap101,C2,43,0.867,75000.0,729704.2
nsga2,cap101,C2,43,0.867,82500.0,718281.1
nsga2,cap101,C2,43,0.867,90000.0,709103.6
nsga2,cap101,C2,43,0.867,97500.0,700008.725
nsga2,cap101,C2,43,0.867,105000.0,691648.4375
nsga2,cap101,C2,43,0.867,112500.0,685082.2875
nsga2,cap101,C2,43,0.867,120000.0,678535.4375
nsga2,cap101,C2,43,0.867,127500.0,673705.975
nsga2,cap101,C2,43,0.867,135000.0,668892.7
nsga2,cap101,C2,43,0.867,142500.0,664462.45
nsga2,cap101,C2,43,0.867,150000.0,660709.9
nsga2,cap101,C2,43,0.867,157500.0,658218.8125
nsga2,cap101,C2,43,0.867,165000.0,656001.7625
nsga2,cap101,C2,43,0.867,172500.0,653838.7875
nsga2,cap101,C2,43,0.867,180000.0,652291.15
nsga2,cap101,C2,44,0.728,0.0,1248142.9
nsga2,cap101,C2,44,0.728,7500.0,1067662.1
nsga2,cap101,C2,44,0.728,15000.0,895519.125
nsga2,cap101,C2,44,0.728,22500.0,853941.75
nsga2,cap101,C2,44,0.728,30000.0,829460.975
nsga2,cap101,C2,44,0.728,37500.0,807527.1875
nsga2,cap101,C2,44,0.728,45000.0,789008.1375
nsga2,cap101,C2,44,0.728,52500.0,771282.1125
nsga2,cap101,C2,44,0.728,60000.0,756767.0625
nsga2,cap101,C2,44,0.728,67500.0,742966.85
nsga2,cap101,C2,44,0.728,75000.0,729704.2
nsga2,cap101,C2,44,0.728,82500.0,718281.1
nsga2,cap101,C2,44,0.728,90000.0,709103.6
nsga2,cap101,C2,44,0.728,97500.0,700008.725
nsga2,cap101,C2,44,0.728,105000.0,691648.4375
nsga2,cap101,C2,44,0.728,112500.0,685082.2875
nsga2,cap101,C2,44,0.728,120000.0,678535.4375
nsga2,cap101,C2,44,0.728,127500.0,673705.975
nsga2,cap101,C2,44,0.728,135000.0,668892.7
nsga2,cap101,C2,44,0.728,142500.0,664462.45
nsga2,cap101,C2,44,0.728,150000.0,660709.9
nsga2,cap101,C2,44,0.728,157500.0,658218.8125
nsga2,cap101,C2,44,0.728,165000.0,656001.7625
nsga2,cap101,C2,44,0.728,172500.0,653838.7875
nsga2,cap101,C2,44,0.728,180000.0,652291.15
nsga2,cap101,C2,45,0.732,0.0,1248142.9
nsga2,cap101,C2,45,0.732,7500.0,1067662.1
nsga2,cap101,C2,45,0.732,15000.0,895519.125
nsga2,cap101,C2,45,0.732,22500.0,853941.75
nsga2,cap101,C2,45,0.732,30000.0,829460.975
nsga2,cap101,C2,45,0.732,37500.0,807527.1875
nsga2,cap101,C2,45,0.732,45000.0,789008.1375
nsga2,cap101,C2,45,0.732,52500.0,771282.1125
nsga2,cap101,C2,45,0.732,60000.0,756767.0625
nsga2,cap101,C2,45,0.732,67500.0,742966.85
nsga2,cap101,C2,45,0.732,75000.0,729704.2
nsga2,cap101,C2,45,0.732,82500.0,718281.1
nsga2,cap101,C2,45,0.732,90000.0,709103.6
nsga2,cap101,C2,45,0.732,97500.0,700008.725
nsga2,cap101,C2,45,0.732,105000.0,691648.4375
nsga2,cap101,C2,45,0.732,112500.0,685082.2875
nsga2,cap101,C2,45,0.732,120000.0,678535.4375
nsga2,cap101,C2,45,0.732,127500.0,673705.975
nsga2,cap101,C2,45,0.732,135000.0,668892.7
nsga2,cap101,C2,45,0.732,142500.0,664462.45
nsga2,cap101,C2,45,0.732,150000.0,660709.9
nsga2,cap101,C2,45,0.732,157500.0,658218.8125
nsga2,cap101,C2,45,0.732,165000.0,656001.7625
nsga2,cap101,C2,45,0.732,172500.0,653838.7875
nsga2,cap101,C2,45,0.732,180000.0,652291.15
nsga2,cap101,C2,46,0.708,0.0,1248142.9
nsga2,cap101,C2,46,0.708,7500.0,1067662.1
nsga2,cap101,C2,46,0.708,15000.0,895519.125
nsga2,cap101,C2,46,0.708,22500.0,853941.75
nsga2,cap101,C2,46,0.708,30000.0,829460.975
nsga2,cap101,C2,46,0.708,37500.0,807527.1875
nsga2,cap101,C2,46,0.708,45000.0,789008.1375
nsga2,cap101,C2,46,0.708,52500.0,771282.1125
nsga2,cap101,C2,46,0.708,60000.0,756767.0625
nsga2,cap101,C2,46,0.708,67500.0,742966.85
nsga2,cap101,C2,46,0.708,75000.0,729704.2
nsga2,cap101,C2,46,0.708,82500.0,718281.1
nsga2,cap101,C2,46,0.708,90000.0,709103.6
nsga2,cap101,C2,46,0.708,97500.0,700008.725
nsga2,cap101,C2,46,0.708,105000.0,691648.4375
nsga2,cap101,C2,46,0.708,112500.0,685082.2875
nsga2,cap101,C2,46,0.708,120000.0,678535.4375
nsga2,cap101,C2,46,0.708,127500.0,673705.975
nsga2,cap101,C2,46,0.708,135000.0,668892.7
nsga2,cap101,C2,46,0.708,142500.0,664462.45
nsga2,cap101,C2,46,0.708,150000.0,660709.9
nsga2,cap101,C2,46,0.708,157500.0,658218.8125
nsga2,cap101,C2,46,0.708,165000.0,656001.7625
nsga2,cap101,C2,46,0.708,172500.0,653838.7875
nsga2,cap101,C2,46,0.708,180000.0,652291.15
nsga2,cap101,C2,47,0.715,0.0,1248142.9
nsga2,cap101,C2,47,0.715,7500.0,1067662.1
nsga2,cap101,C2,47,0.715,15000.0,895519.125
nsga2,cap101,C2,47,0.715,22500.0,853941.75
nsga2,cap101,C2,47,0.715,30000.0,829460.975
nsga2,cap101,C2,47,0.715,37500.0,807527.1875
nsga2,cap101,C2,47,0.715,45000.0,789008.1375
nsga2,cap101,C2,47,0.715,52500.0,771282.1125
nsga2,cap101,C2,47,0.715,60000.0,756767.0625
nsga2,cap101,C2,47,0.715,67500.0,742966.85
nsga2,cap101,C2,47,0.715,75000.0,729704.2
nsga2,cap101,C2,47,0.715,82500.0,718281.1
nsga2,cap101,C2,47,0.715,90000.0,709103.6
nsga2,cap101,C2,47,0.715,97500.0,700008.725
nsga2,cap101,C2,47,0.715,105000.0,691648.4375
nsga2,cap101,C2,47,0.715,112500.0,685082.2875
nsga2,cap101,C2,47,0.715,120000.0,678535.4375
nsga2,cap101,C2,47,0.715,127500.0,673705.975
nsga2,cap101,C2,47,0.715,135000.0,668892.7
nsga2,cap101,C2,47,0.715,142500.0,664462.45
nsga2,cap101,C2,47,0.715,150000.0,660709.9
nsga2,cap101,C2,47,0.715,157500.0,658218.8125
nsga2,cap101,C2,47,0.715,165000.0,656001.7625
nsga2,cap101,C2,47,0.715,172500.0,653838.7875
nsga2,cap101,C2,47,0.715,180000.0,652291.15
nsga2,cap101,C2,48,0.695,0.0,1248142.9
nsga2,cap101,C2,48,0.695,7500.0,1067662.1
nsga2,cap101,C2,48,0.695,15000.0,895519.125
nsga2,cap101,C2,48,0.695,22500.0,853941.75
nsga2,cap101,C2,48,0.695,30000.0,829460.975
nsga2,cap101,C2,48,0.695,37500.0,807527.1875
nsga2,cap101,C2,48,0.695,45000.0,789008.1375
nsga2,cap101,C2,48,0.695,52500.0,771282.1125
nsga2,cap101,C2,48,0.695,60000.0,756767.0625
nsga2,cap101,C2,48,0.695,67500.0,742966.85
nsga2,cap101,C2,48,0.695,75000.0,729704.2
nsga2,cap101,C2,48,0.695,82500.0,718281.1
nsga2,cap101,C2,48,0.695,90000.0,709103.6
nsga2,cap101,C2,48,0.695,97500.0,700008.725
nsga2,cap101,C2,48,0.695,105000.0,691648.4375
nsga2,cap101,C2,48,0.695,112500.0,685082.2875
nsga2,cap101,C2,48,0.695,120000.0,678535.4375
nsga2,cap101,C2,48,0.695,127500.0,673705.975
nsga2,cap101,C2,48,0.695,135000.0,668892.7
nsga2,cap101,C2,48,0.695,142500.0,664462.45
nsga2,cap101,C2,48,0.695,150000.0,660709.9
nsga2,cap101,C2,48,0.695,157500.0,658218.8125
nsga2,cap101,C2,48,0.695,165000.0,656001.7625
nsga2,cap101,C2,48,0.695,172500.0,653838.7875
nsga2,cap101,C2,48,0.695,180000.0,652291.15
nsga2,cap101,C2,49,0.709,0.0,1248142.9
nsga2,cap101,C2,49,0.709,7500.0,1067662.1
nsga2,cap101,C2,49,0.709,15000.0,895519.125
nsga2,cap101,C2,49,0.709,22500.0,853941.75
nsga2,cap101,C2,49,0.709,30000.0,829460.975
nsga2,cap101,C2,49,0.709,37500.0,807527.1875
nsga2,cap101,C2,49,0.709,45000.0,789008.1375
nsga2,cap101,C2,49,0.709,52500.0,771282.1125
nsga2,cap101,C2,49,0.709,60000.0,756767.0625
nsga2,cap101,C2,49,0.709,67500.0,742966.85
nsga2,cap101,C2,49,0.709,75000.0,729704.2
nsga2,cap101,C2,49,0.709,82500.0,718281.1
nsga2,cap101,C2,49,0.709,90000.0,709103.6
nsga2,cap101,C2,49,0.709,97500.0,700008.725
nsga2,cap101,C2,49,0.709,105000.0,691648.4375
nsga2,cap101,C2,49,0.709,112500.0,685082.2875
nsga2,cap101,C2,49,0.709,120000.0,678535.4375
nsga2,cap101,C2,49,0.709,127500.0,673705.975
nsga2,cap101,C2,49,0.709,135000.0,668892.7
nsga2,cap101,C2,49,0.709,142500.0,664462.45
nsga2,cap101,C2,49,0.709,150000.0,660709.9
nsga2,cap101,C2,49,0.709,157500.0,658218.8125
nsga2,cap101,C2,49,0.709,165000.0,656001.7625
nsga2,cap101,C2,49,0.709,172500.0,653838.7875
nsga2,cap101,C2,49,0.709,180000.0,652291.15
nsga2,cap101,C2,50,0.726,0.0,1248142.9
nsga2,cap101,C2,50,0.726,7500.0,1067662.1
nsga2,cap101,C2,50,0.726,15000.0,895519.125
nsga2,cap101,C2,50,0.726,22500.0,853941.75
nsga2,cap101,C2,50,0.726,30000.0,829460.975
nsga2,cap101,C2,50,0.726,37500.0,807527.1875
nsga2,cap101,C2,50,0.726,45000.0,789008.1375
nsga2,cap101,C2,50,0.726,52500.0,771282.1125
nsga2,cap101,C2,50,0.726,60000.0,756767.0625
nsga2,cap101,C2,50,0.726,67500.0,742966.85
nsga2,cap101,C2,50,0.726,75000.0,729704.2
nsga2,cap101,C2,50,0.726,82500.0,718281.1
nsga2,cap101,C2,50,0.726,90000.0,709103.6
nsga2,cap101,C2,50,0.726,97500.0,700008.725
nsga2,cap101,C2,50,0.726,105000.0,691648.4375
nsga2,cap101,C2,50,0.726,112500.0,685082.2875
nsga2,cap101,C2,50,0.726,120000.0,678535.4375
nsga2,cap101,C2,50,0.726,127500.0,673705.975
nsga2,cap101,C2,50,0.726,135000.0,668892.7
nsga2,cap101,C2,50,0.726,142500.0,664462.45
nsga2,cap101,C2,50,0.726,150000.0,660709.9
nsga2,cap101,C2,50,0.726,157500.0,658218.8125
nsga2,cap101,C2,50,0.726,165000.0,656001.7625
nsga2,cap101,C2,50,0.726,172500.0,653838.7875
nsga2,cap101,C2,50,0.726,180000.0,652291.15
nsga2,cap101,C2,51,0.696,0.0,1248142.9
nsga2,cap101,C2,51,0.696,7500.0,1067662.1
nsga2,cap101,C2,51,0.696,15000.0,895519.125
nsga2,cap101,C2,51,0.696,22500.0,853941.75
nsga2,cap101,C2,51,0.696,30000.0,829460.975
nsga2,cap101,C2,51,0.696,37500.0,807527.1875
nsga2,cap101,C2,51,0.696,45000.0,789008.1375
nsga2,cap101,C2,51,0.696,52500.0,771282.1125
nsga2,cap101,C2,51,0.696,60000.0,756767.0625
nsga2,cap101,C2,51,0.696,67500.0,742966.85
nsga2,cap101,C2,51,0.696,75000.0,729704.2
nsga2,cap101,C2,51,0.696,82500.0,718281.1
nsga2,cap101,C2,51,0.696,90000.0,709103.6
nsga2,cap101,C2,51,0.696,97500.0,700008.725
nsga2,cap101,C2,51,0.696,105000.0,691648.4375
nsga2,cap101,C2,51,0.696,112500.0,685082.2875
nsga2,cap101,C2,51,0.696,120000.0,678535.4375
nsga2,cap101,C2,51,0.696,127500.0,673705.975
nsga2,cap101,C2,51,0.696,135000.0,668892.7
nsga2,cap101,C2,51,0.696,142500.0,664462.45
nsga2,cap101,C2,51,0.696,150000.0,660709.9
nsga2,cap101,C2,51,0.696,157500.0,658218.8125
nsga2,cap101,C2,51,0.696,165000.0,656001.7625
nsga2,cap101,C2,51,0.696,172500.0,653838.7875
nsga2,cap101,C2,51,0.696,180000.0,652291.15
vega,cap101,C3,42,3.499,37500.0,966160.4
vega,cap101,C3,42,3.499,45000.0,848885.25
vega,cap101,C3,42,3.499,52500.0,787978.9
vega,cap101,C3,42,3.499,67500.0,777556.875
vega,cap101,C3,42,3.499,75000.0,756781.3125
vega,cap101,C3,42,3.499,82500.0,739760.4625
vega,cap101,C3,42,3.499,97500.0,727905.1875
vega,cap101,C3,42,3.499,105000.0,719870.1125
vega,cap101,C3,42,3.499,112500.0,707187.8625
vega,cap101,C3,42,3.499,120000.0,704731.825
vega,cap101,C3,43,3.511,30000.0,990966.725
vega,cap101,C3,43,3.511,37500.0,911027.5625
vega,cap101,C3,43,3.511,45000.0,823097.725
vega,cap101,C3,43,3.511,60000.0,785583.2125
vega,cap101,C3,43,3.511,75000.0,751949.2625
vega,cap101,C3,43,3.511,82500.0,751341.8125
vega,cap101,C3,43,3.511,90000.0,748398.1875
vega,cap101,C3,43,3.511,97500.0,729632.6125
vega,cap101,C3,43,3.511,105000.0,727312.8875
vega,cap101,C3,43,3.511,112500.0,722340.7
vega,cap101,C3,44,3.541,37500.0,876677.525
vega,cap101,C3,44,3.541,52500.0,859703.0125
vega,cap101,C3,44,3.541,60000.0,794647.475
vega,cap101,C3,44,3.541,75000.0,761524.025
vega,cap101,C3,44,3.541,82500.0,742113.3
vega,cap101,C3,44,3.541,90000.0,730119.4625
vega,cap101,C3,44,3.541,97500.0,712562.5875
vega,cap101,C3,44,3.541,127500.0,707662.575
vega,cap101,C3,45,3.479,30000.0,1581102.7375
vega,cap101,C3,45,3.479,37500.0,1113332.425
vega,cap101,C3,45,3.479,45000.0,909382.925
vega,cap101,C3,45,3.479,52500.0,849883.0375
vega,cap101,C3,45,3.479,60000.0,809867.8125
vega,cap101,C3,45,3.479,67500.0,789028.2999999999
vega,cap101,C3,45,3.479,75000.0,773218.45
vega,cap101,C3,45,3.479,82500.0,749974.6625
vega,cap101,C3,45,3.479,90000.0,738015.4875
vega,cap101,C3,45,3.479,97500.0,737956.6875
vega,cap101,C3,45,3.479,105000.0,720128.8875
vega,cap101,C3,45,3.479,112500.0,709748.325
vega,cap101,C3,45,3.479,120000.0,702880.5875
vega,cap101,C3,46,3.568,22500.0,1132433.5
vega,cap101,C3,46,3.568,30000.0,1056895.9
vega,cap101,C3,46,3.568,37500.0,941838.0875
vega,cap101,C3,46,3.568,45000.0,824949.225
vega,cap101,C3,46,3.568,52500.0,803308.0875
vega,cap101,C3,46,3.568,60000.0,790754.3125
vega,cap101,C3,46,3.568,67500.0,775107.8875
vega,cap101,C3,46,3.568,75000.0,754927.8875
vega,cap101,C3,46,3.568,90000.0,723458.3625
vega,cap101,C3,46,3.568,105000.0,705123.9375
vega,cap101,C3,46,3.568,120000.0,695840.575
vega,cap101,C3,46,3.568,135000.0,694200.7625
vega,cap101,C3,47,3.483,30000.0,1281018.225
vega,cap101,C3,47,3.483,37500.0,890364.05
vega,cap101,C3,47,3.483,52500.0,823338.3125
vega,cap101,C3,47,3.483,60000.0,797782.7375
vega,cap101,C3,47,3.483,67500.0,773955.5
vega,cap101,C3,47,3.483,75000.0,762616.2375
vega,cap101,C3,47,3.483,82500.0,759068.25
vega,cap101,C3,47,3.483,90000.0,743168.6125
vega,cap101,C3,47,3.483,97500.0,735131.975
vega,cap101,C3,47,3.483,105000.0,721088.175
vega,cap101,C3,47,3.483,112500.0,718655.225
vega,cap101,C3,48,3.454,30000.0,976104.9375
vega,cap101,C3,48,3.454,45000.0,850717.625
vega,cap101,C3,48,3.454,52500.0,831792.3
vega,cap101,C3,48,3.454,60000.0,771035.325
vega,cap101,C3,48,3.454,75000.0,750178.725
vega,cap101,C3,48,3.454,82500.0,742178.85
vega,cap101,C3,48,3.454,90000.0,724899.9
vega,cap101,C3,48,3.454,97500.0,718388.3125
vega,cap101,C3,48,3.454,105000.0,715478.6375
vega,cap101,C3,48,3.454,120000.0,702437.45
vega,cap101,C3,48,3.454,127500.0,696113.5375
vega,cap101,C3,49,3.599,37500.0,842810.8625
vega,cap101,C3,49,3.599,52500.0,827368.6375
vega,cap101,C3,49,3.599,60000.0,805409.9625
vega,cap101,C3,49,3.599,67500.0,768390.2
vega,cap101,C3,49,3.599,75000.0,755726.8875
vega,cap101,C3,49,3.599,90000.0,738024.375
vega,cap101,C3,49,3.599,105000.0,728823.275
vega,cap101,C3,49,3.599,112500.0,726731.425
vega,cap101,C3,49,3.599,120000.0,703161.1375
vega,cap101,C3,50,3.523,37500.0,959443.5375
vega,cap101,C3,50,3.523,45000.0,954079.6625
vega,cap101,C3,50,3.523,52500.0,816070.4874999999
vega,cap101,C3,50,3.523,60000.0,793162.9125
vega,cap101,C3,50,3.523,67500.0,753306.875
vega,cap101,C3,50,3.523,82500.0,752586.75
vega,cap101,C3,50,3.523,90000.0,725206.1
vega,cap101,C3,50,3.523,105000.0,713684.1
vega,cap101,C3,50,3.523,120000.0,705003.5
vega,cap101,C3,51,3.457,30000.0,1017365.85
vega,cap101,C3,51,3.457,37500.0,958013.5875
vega,cap101,C3,51,3.457,45000.0,954590.075
vega,cap101,C3,51,3.457,52500.0,786860.7875
vega,cap101,C3,51,3.457,60000.0,784616.45
vega,cap101,C3,51,3.457,67500.0,765582.725
vega,cap101,C3,51,3.457,75000.0,755919.8125
vega,cap101,C3,51,3.457,82500.0,750482.2999999999
vega,cap101,C3,51,3.457,90000.0,724549.825
vega,cap101,C3,51,3.457,105000.0,706775.3625
vega,cap101,C3,51,3.457,135000.0,691145.975
nsga2,cap101,C3,42,3.669,0.0,1248142.9
nsga2,cap101,C3,42,3.669,7500.0,1067662.1
nsga2,cap101,C3,42,3.669,15000.0,895519.125
nsga2,cap101,C3,42,3.669,22500.0,853941.75
nsga2,cap101,C3,42,3.669,30000.0,829460.975
nsga2,cap101,C3,42,3.669,37500.0,807527.1875
nsga2,cap101,C3,42,3.669,45000.0,789008.1375
nsga2,cap101,C3,42,3.669,52500.0,771282.1125
nsga2,cap101,C3,42,3.669,60000.0,756767.0625
nsga2,cap101,C3,42,3.669,67500.0,742966.85
nsga2,cap101,C3,42,3.669,75000.0,729704.2
nsga2,cap101,C3,42,3.669,82500.0,718281.1
nsga2,cap101,C3,42,3.669,90000.0,709103.6
nsga2,cap101,C3,42,3.669,97500.0,700008.725
nsga2,cap101,C3,42,3.669,105000.0,691648.4375
nsga2,cap101,C3,42,3.669,112500.0,685082.2875
nsga2,cap101,C3,42,3.669,120000.0,678535.4375
nsga2,cap101,C3,42,3.669,127500.0,673705.975
nsga2,cap101,C3,42,3.669,135000.0,668892.7
nsga2,cap101,C3,42,3.669,142500.0,664462.45
nsga2,cap101,C3,42,3.669,150000.0,660709.9
nsga2,cap101,C3,42,3.669,157500.0,658218.8125
nsga2,cap101,C3,42,3.669,165000.0,656001.7625
nsga2,cap101,C3,42,3.669,172500.0,653838.7875
nsga2,cap101,C3,42,3.669,180000.0,652291.15
nsga2,cap101,C3,43,3.695,0.0,1248142.9
nsga2,cap101,C3,43,3.695,7500.0,1067662.1
nsga2,cap101,C3,43,3.695,15000.0,895519.125
nsga2,cap101,C3,43,3.695,22500.0,853941.75
nsga2,cap101,C3,43,3.695,30000.0,829460.975
nsga2,cap101,C3,43,3.695,37500.0,807527.1875
nsga2,cap101,C3,43,3.695,45000.0,789008.1375
nsga2,cap101,C3,43,3.695,52500.0,771282.1125
nsga2,cap101,C3,43,3.695,60000.0,756767.0625
nsga2,cap101,C3,43,3.695,67500.0,742966.85
nsga2,cap101,C3,43,3.695,75000.0,729704.2
nsga2,cap101,C3,43,3.695,82500.0,718281.1
nsga2,cap101,C3,43,3.695,90000.0,709103.6
nsga2,cap101,C3,43,3.695,97500.0,700008.725
nsga2,cap101,C3,43,3.695,105000.0,691648.4375
nsga2,cap101,C3,43,3.695,112500.0,685082.2875
nsga2,cap101,C3,43,3.695,120000.0,678535.4375
nsga2,cap101,C3,43,3.695,127500.0,673705.975
nsga2,cap101,C3,43,3.695,135000.0,668892.7
nsga2,cap101,C3,43,3.695,142500.0,664462.45
nsga2,cap101,C3,43,3.695,150000.0,660709.9
nsga2,cap101,C3,43,3.695,157500.0,658218.8125
nsga2,cap101,C3,43,3.695,165000.0,656001.7625
nsga2,cap101,C3,43,3.695,172500.0,653838.7875
nsga2,cap101,C3,43,3.695,180000.0,652291.15
nsga2,cap101,C3,44,3.112,0.0,1248142.9
nsga2,cap101,C3,44,3.112,7500.0,1067662.1
nsga2,cap101,C3,44,3.112,15000.0,895519.125
nsga2,cap101,C3,44,3.112,22500.0,853941.75
nsga2,cap101,C3,44,3.112,30000.0,829460.975
nsga2,cap101,C3,44,3.112,37500.0,807527.1875
nsga2,cap101,C3,44,3.112,45000.0,789008.1375
nsga2,cap101,C3,44,3.112,52500.0,771282.1125
nsga2,cap101,C3,44,3.112,60000.0,756767.0625
nsga2,cap101,C3,44,3.112,67500.0,742966.85
nsga2,cap101,C3,44,3.112,75000.0,729704.2
nsga2,cap101,C3,44,3.112,82500.0,718281.1
nsga2,cap101,C3,44,3.112,90000.0,709103.6
nsga2,cap101,C3,44,3.112,97500.0,700008.725
nsga2,cap101,C3,44,3.112,105000.0,691648.4375
nsga2,cap101,C3,44,3.112,112500.0,685082.2875
nsga2,cap101,C3,44,3.112,120000.0,678535.4375
nsga2,cap101,C3,44,3.112,127500.0,673705.975
nsga2,cap101,C3,44,3.112,135000.0,668892.7
nsga2,cap101,C3,44,3.112,142500.0,664462.45
nsga2,cap101,C3,44,3.112,150000.0,660709.9
nsga2,cap101,C3,44,3.112,157500.0,658218.8125
nsga2,cap101,C3,44,3.112,165000.0,656001.7625
nsga2,cap101,C3,44,3.112,172500.0,653838.7875
nsga2,cap101,C3,44,3.112,180000.0,652291.15
nsga2,cap101,C3,45,3.143,0.0,1248142.9
nsga2,cap101,C3,45,3.143,7500.0,1067662.1
nsga2,cap101,C3,45,3.143,15000.0,895519.125
nsga2,cap101,C3,45,3.143,22500.0,853941.75
nsga2,cap101,C3,45,3.143,30000.0,829460.975
nsga2,cap101,C3,45,3.143,37500.0,807527.1875
nsga2,cap101,C3,45,3.143,45000.0,789008.1375
nsga2,cap101,C3,45,3.143,52500.0,771282.1125
nsga2,cap101,C3,45,3.143,60000.0,756767.0625
nsga2,cap101,C3,45,3.143,67500.0,742966.85
nsga2,cap101,C3,45,3.143,75000.0,729704.2
nsga2,cap101,C3,45,3.143,82500.0,718281.1
nsga2,cap101,C3,45,3.143,90000.0,709103.6
nsga2,cap101,C3,45,3.143,97500.0,700008.725
nsga2,cap101,C3,45,3.143,105000.0,691648.4375
nsga2,cap101,C3,45,3.143,112500.0,685082.2875
nsga2,cap101,C3,45,3.143,120000.0,678535.4375
nsga2,cap101,C3,45,3.143,127500.0,673705.975
nsga2,cap101,C3,45,3.143,135000.0,668892.7
nsga2,cap101,C3,45,3.143,142500.0,664462.45
nsga2,cap101,C3,45,3.143,150000.0,660709.9
nsga2,cap101,C3,45,3.143,157500.0,658218.8125
nsga2,cap101,C3,45,3.143,165000.0,656001.7625
nsga2,cap101,C3,45,3.143,172500.0,653838.7875
nsga2,cap101,C3,45,3.143,180000.0,652291.15
nsga2,cap101,C3,46,3.088,0.0,1248142.9
nsga2,cap101,C3,46,3.088,7500.0,1067662.1
nsga2,cap101,C3,46,3.088,15000.0,895519.125
nsga2,cap101,C3,46,3.088,22500.0,853941.75
nsga2,cap101,C3,46,3.088,30000.0,829460.975
nsga2,cap101,C3,46,3.088,37500.0,807527.1875
nsga2,cap101,C3,46,3.088,45000.0,789008.1375
nsga2,cap101,C3,46,3.088,52500.0,771282.1125
nsga2,cap101,C3,46,3.088,60000.0,756767.0625
nsga2,cap101,C3,46,3.088,67500.0,742966.85
nsga2,cap101,C3,46,3.088,75000.0,729704.2
nsga2,cap101,C3,46,3.088,82500.0,718281.1
nsga2,cap101,C3,46,3.088,90000.0,709103.6
nsga2,cap101,C3,46,3.088,97500.0,700008.725
nsga2,cap101,C3,46,3.088,105000.0,691648.4375
nsga2,cap101,C3,46,3.088,112500.0,685082.2875
nsga2,cap101,C3,46,3.088,120000.0,678535.4375
nsga2,cap101,C3,46,3.088,127500.0,673705.975
nsga2,cap101,C3,46,3.088,135000.0,668892.7
nsga2,cap101,C3,46,3.088,142500.0,664462.45
nsga2,cap101,C3,46,3.088,150000.0,660709.9
nsga2,cap101,C3,46,3.088,157500.0,658218.8125
nsga2,cap101,C3,46,3.088,165000.0,656001.7625
nsga2,cap101,C3,46,3.088,172500.0,653838.7875
nsga2,cap101,C3,46,3.088,180000.0,652291.15
nsga2,cap101,C3,47,3.035,0.0,1248142.9
nsga2,cap101,C3,47,3.035,7500.0,1067662.1
nsga2,cap101,C3,47,3.035,15000.0,895519.125
nsga2,cap101,C3,47,3.035,22500.0,853941.75
nsga2,cap101,C3,47,3.035,30000.0,829460.975
nsga2,cap101,C3,47,3.035,37500.0,807527.1875
nsga2,cap101,C3,47,3.035,45000.0,789008.1375
nsga2,cap101,C3,47,3.035,52500.0,771282.1125
nsga2,cap101,C3,47,3.035,60000.0,756767.0625
nsga2,cap101,C3,47,3.035,67500.0,742966.85
nsga2,cap101,C3,47,3.035,75000.0,729704.2
nsga2,cap101,C3,47,3.035,82500.0,718281.1
nsga2,cap101,C3,47,3.035,90000.0,709103.6
nsga2,cap101,C3,47,3.035,97500.0,700008.725
nsga2,cap101,C3,47,3.035,105000.0,691648.4375
nsga2,cap101,C3,47,3.035,112500.0,685082.2875
nsga2,cap101,C3,47,3.035,120000.0,678535.4375
nsga2,cap101,C3,47,3.035,127500.0,673705.975
nsga2,cap101,C3,47,3.035,135000.0,668892.7
nsga2,cap101,C3,47,3.035,142500.0,664462.45
nsga2,cap101,C3,47,3.035,150000.0,660709.9
nsga2,cap101,C3,47,3.035,157500.0,658218.8125
nsga2,cap101,C3,47,3.035,165000.0,656001.7625
nsga2,cap101,C3,47,3.035,172500.0,653838.7875
nsga2,cap101,C3,47,3.035,180000.0,652291.15
nsga2,cap101,C3,48,3.109,0.0,1248142.9
nsga2,cap101,C3,48,3.109,7500.0,1067662.1
nsga2,cap101,C3,48,3.109,15000.0,895519.125
nsga2,cap101,C3,48,3.109,22500.0,853941.75
nsga2,cap101,C3,48,3.109,30000.0,829460.975
nsga2,cap101,C3,48,3.109,37500.0,807527.1875
nsga2,cap101,C3,48,3.109,45000.0,789008.1375
nsga2,cap101,C3,48,3.109,52500.0,771282.1125
nsga2,cap101,C3,48,3.109,60000.0,756767.0625
nsga2,cap101,C3,48,3.109,67500.0,742966.85
nsga2,cap101,C3,48,3.109,75000.0,729704.2
nsga2,cap101,C3,48,3.109,82500.0,718281.1
nsga2,cap101,C3,48,3.109,90000.0,709103.6
nsga2,cap101,C3,48,3.109,97500.0,700008.725
nsga2,cap101,C3,48,3.109,105000.0,691648.4375
nsga2,cap101,C3,48,3.109,112500.0,685082.2875
nsga2,cap101,C3,48,3.109,120000.0,678535.4375
nsga2,cap101,C3,48,3.109,127500.0,673705.975
nsga2,cap101,C3,48,3.109,135000.0,668892.7
nsga2,cap101,C3,48,3.109,142500.0,664462.45
nsga2,cap101,C3,48,3.109,150000.0,660709.9
nsga2,cap101,C3,48,3.109,157500.0,658218.8125
nsga2,cap101,C3,48,3.109,165000.0,656001.7625
nsga2,cap101,C3,48,3.109,172500.0,653838.7875
nsga2,cap101,C3,48,3.109,180000.0,652291.15
nsga2,cap101,C3,49,3.073,0.0,1248142.9
nsga2,cap101,C3,49,3.073,7500.0,1067662.1
nsga2,cap101,C3,49,3.073,15000.0,895519.125
nsga2,cap101,C3,49,3.073,22500.0,853941.75
nsga2,cap101,C3,49,3.073,30000.0,829460.975
nsga2,cap101,C3,49,3.073,37500.0,807527.1875
nsga2,cap101,C3,49,3.073,45000.0,789008.1375
nsga2,cap101,C3,49,3.073,52500.0,771282.1125
nsga2,cap101,C3,49,3.073,60000.0,756767.0625
nsga2,cap101,C3,49,3.073,67500.0,742966.85
nsga2,cap101,C3,49,3.073,75000.0,729704.2
nsga2,cap101,C3,49,3.073,82500.0,718281.1
nsga2,cap101,C3,49,3.073,90000.0,709103.6
nsga2,cap101,C3,49,3.073,97500.0,700008.725
nsga2,cap101,C3,49,3.073,105000.0,691648.4375
nsga2,cap101,C3,49,3.073,112500.0,685082.2875
nsga2,cap101,C3,49,3.073,120000.0,678535.4375
nsga2,cap101,C3,49,3.073,127500.0,673705.975
nsga2,cap101,C3,49,3.073,135000.0,668892.7
nsga2,cap101,C3,49,3.073,142500.0,664462.45
nsga2,cap101,C3,49,3.073,150000.0,660709.9
nsga2,cap101,C3,49,3.073,157500.0,658218.8125
nsga2,cap101,C3,49,3.073,165000.0,656001.7625
nsga2,cap101,C3,49,3.073,172500.0,653838.7875
nsga2,cap101,C3,49,3.073,180000.0,652291.15
nsga2,cap101,C3,50,3.071,0.0,1248142.9
nsga2,cap101,C3,50,3.071,7500.0,1067662.1
nsga2,cap101,C3,50,3.071,15000.0,895519.125
nsga2,cap101,C3,50,3.071,22500.0,853941.75
nsga2,cap101,C3,50,3.071,30000.0,829460.975
nsga2,cap101,C3,50,3.071,37500.0,807527.1875
nsga2,cap101,C3,50,3.071,45000.0,789008.1375
nsga2,cap101,C3,50,3.071,52500.0,771282.1125
nsga2,cap101,C3,50,3.071,60000.0,756767.0625
nsga2,cap101,C3,50,3.071,67500.0,742966.85
nsga2,cap101,C3,50,3.071,75000.0,729704.2
nsga2,cap101,C3,50,3.071,82500.0,718281.1
nsga2,cap101,C3,50,3.071,90000.0,709103.6
nsga2,cap101,C3,50,3.071,97500.0,700008.725
nsga2,cap101,C3,50,3.071,105000.0,691648.4375
nsga2,cap101,C3,50,3.071,112500.0,685082.2875
nsga2,cap101,C3,50,3.071,120000.0,678535.4375
nsga2,cap101,C3,50,3.071,127500.0,673705.975
nsga2,cap101,C3,50,3.071,135000.0,668892.7
nsga2,cap101,C3,50,3.071,142500.0,664462.45
nsga2,cap101,C3,50,3.071,150000.0,660709.9
nsga2,cap101,C3,50,3.071,157500.0,658218.8125
nsga2,cap101,C3,50,3.071,165000.0,656001.7625
nsga2,cap101,C3,50,3.071,172500.0,653838.7875
nsga2,cap101,C3,50,3.071,180000.0,652291.15
nsga2,cap101,C3,51,3.129,0.0,1248142.9
nsga2,cap101,C3,51,3.129,7500.0,1067662.1
nsga2,cap101,C3,51,3.129,15000.0,895519.125
nsga2,cap101,C3,51,3.129,22500.0,853941.75
nsga2,cap101,C3,51,3.129,30000.0,829460.975
nsga2,cap101,C3,51,3.129,37500.0,807527.1875
nsga2,cap101,C3,51,3.129,45000.0,789008.1375
nsga2,cap101,C3,51,3.129,52500.0,771282.1125
nsga2,cap101,C3,51,3.129,60000.0,756767.0625
nsga2,cap101,C3,51,3.129,67500.0,742966.85
nsga2,cap101,C3,51,3.129,75000.0,729704.2
nsga2,cap101,C3,51,3.129,82500.0,718281.1
nsga2,cap101,C3,51,3.129,90000.0,709103.6
nsga2,cap101,C3,51,3.129,97500.0,700008.725
nsga2,cap101,C3,51,3.129,105000.0,691648.4375
nsga2,cap101,C3,51,3.129,112500.0,685082.2875
nsga2,cap101,C3,51,3.129,120000.0,678535.4375
nsga2,cap101,C3,51,3.129,127500.0,673705.975
nsga2,cap101,C3,51,3.129,135000.0,668892.7
nsga2,cap101,C3,51,3.129,142500.0,664462.45
nsga2,cap101,C3,51,3.129,150000.0,660709.9
nsga2,cap101,C3,51,3.129,157500.0,658218.8125
nsga2,cap101,C3,51,3.129,165000.0,656001.7625
nsga2,cap101,C3,51,3.129,172500.0,653838.7875
nsga2,cap101,C3,51,3.129,180000.0,652291.15
vega,cap102,C1,42,0.261,50000.0,862195.8375
vega,cap102,C1,42,0.261,75000.0,821410.3375
vega,cap102,C1,42,0.261,100000.0,775968.65
vega,cap102,C1,42,0.261,125000.0,772935.1625
vega,cap102,C1,42,0.261,162500.0,749429.1125
vega,cap102,C1,43,0.273,37500.0,1065822.175
vega,cap102,C1,43,0.273,50000.0,1051872.5
vega,cap102,C1,43,0.273,62500.0,868089.875
vega,cap102,C1,43,0.273,75000.0,860946.65
vega,cap102,C1,43,0.273,87500.0,797846.1625
vega,cap102,C1,43,0.273,100000.0,781910.6875
vega,cap102,C1,43,0.273,112500.0,760784.825
vega,cap102,C1,43,0.273,125000.0,748656.9625
vega,cap102,C1,43,0.273,137500.0,742508.85
vega,cap102,C1,43,0.273,175000.0,725389.2875
vega,cap102,C1,44,0.27,25000.0,1458934.3125
vega,cap102,C1,44,0.27,62500.0,857274.7375
vega,cap102,C1,44,0.27,75000.0,814657.9125
vega,cap102,C1,44,0.27,87500.0,793644.45
vega,cap102,C1,44,0.27,100000.0,777931.8875
vega,cap102,C1,44,0.27,112500.0,777102.1375
vega,cap102,C1,44,0.27,125000.0,772087.65
vega,cap102,C1,44,0.27,137500.0,756766.9
vega,cap102,C1,44,0.27,150000.0,745207.85
vega,cap102,C1,45,0.272,37500.0,1204236.4125
vega,cap102,C1,45,0.272,50000.0,866571.0
vega,cap102,C1,45,0.272,62500.0,853307.525
vega,cap102,C1,45,0.272,87500.0,799258.3375
vega,cap102,C1,45,0.272,100000.0,779142.7375
vega,cap102,C1,45,0.272,112500.0,763682.8625
vega,cap102,C1,45,0.272,125000.0,759230.675
vega,cap102,C1,45,0.272,137500.0,733822.65
vega,cap102,C1,45,0.272,162500.0,712766.6125
vega,cap102,C1,46,0.261,25000.0,1094688.525
vega,cap102,C1,46,0.261,37500.0,944024.3125
vega,cap102,C1,46,0.261,50000.0,889208.9875
vega,cap102,C1,46,0.261,62500.0,835222.025
vega,cap102,C1,46,0.261,87500.0,814496.1375
vega,cap102,C1,46,0.261,100000.0,798779.35
vega,cap102,C1,46,0.261,112500.0,765364.4625
vega,cap102,C1,46,0.261,125000.0,763199.6
vega,cap102,C1,46,0.261,137500.0,738441.2
vega,cap102,C1,46,0.261,162500.0,724810.15
vega,cap102,C1,47,0.248,62500.0,1023066.875
vega,cap102,C1,47,0.248,75000.0,863103.2
vega,cap102,C1,47,0.248,100000.0,788846.375
vega,cap102,C1,47,0.248,112500.0,759330.55
vega,cap102,C1,47,0.248,137500.0,745314.275
vega,cap102,C1,47,0.248,175000.0,741925.2375
vega,cap102,C1,48,0.279,62500.0,952730.6
vega,cap102,C1,48,0.279,75000.0,948338.4625
vega,cap102,C1,48,0.279,87500.0,802116.2375
vega,cap102,C1,48,0.279,100000.0,794516.3375
vega,cap102,C1,48,0.279,112500.0,780176.9
vega,cap102,C1,48,0.279,125000.0,750389.375
vega,cap102,C1,48,0.279,162500.0,733213.35
vega,cap102,C1,49,0.299,25000.0,928536.9875
vega,cap102,C1,49,0.299,62500.0,903506.8
vega,cap102,C1,49,0.299,75000.0,894499.4875
vega,cap102,C1,49,0.299,87500.0,827965.725
vega,cap102,C1,49,0.299,100000.0,793735.5625
vega,cap102,C1,49,0.299,112500.0,768311.3
vega,cap102,C1,49,0.299,137500.0,756643.8625
vega,cap102,C1,49,0.299,150000.0,735657.95
vega,cap102,C1,49,0.299,200000.0,724812.1625
vega,cap102,C1,50,0.292,50000.0,1095081.4
vega,cap102,C1,50,0.292,62500.0,848277.775
vega,cap102,C1,50,0.292,75000.0,824350.0625
vega,cap102,C1,50,0.292,87500.0,814876.5875
vega,cap102,C1,50,0.292,100000.0,786466.875
vega,cap102,C1,50,0.292,112500.0,766438.35
vega,cap102,C1,50,0.292,137500.0,763588.2
vega,cap102,C1,50,0.292,150000.0,754204.425
vega,cap102,C1,51,0.269,62500.0,818470.275
vega,cap102,C1,51,0.269,87500.0,793085.4125
vega,cap102,C1,51,0.269,100000.0,787737.025
vega,cap102,C1,51,0.269,112500.0,756809.3
vega,cap102,C1,51,0.269,137500.0,743337.05
vega,cap102,C1,51,0.269,150000.0,735079.675
vega,cap102,C1,51,0.269,162500.0,731114.55
nsga2,cap102,C1,42,0.28,0.0,1248142.9
nsga2,cap102,C1,42,0.28,12500.0,1067662.1
nsga2,cap102,C1,42,0.28,25000.0,895519.125
nsga2,cap102,C1,42,0.28,37500.0,853941.75
nsga2,cap102,C1,42,0.28,50000.0,829460.975
nsga2,cap102,C1,42,0.28,62500.0,808092.7625
nsga2,cap102,C1,42,0.28,75000.0,789008.1375
nsga2,cap102,C1,42,0.28,87500.0,771282.1125
nsga2,cap102,C1,42,0.28,100000.0,756767.0625
nsga2,cap102,C1,42,0.28,112500.0,742966.85
nsga2,cap102,C1,42,0.28,125000.0,729704.2
nsga2,cap102,C1,42,0.28,137500.0,718281.1
nsga2,cap102,C1,42,0.28,150000.0,709103.6
nsga2,cap102,C1,42,0.28,162500.0,700008.725
nsga2,cap102,C1,42,0.28,175000.0,691648.4375
nsga2,cap102,C1,42,0.28,187500.0,685082.2875
nsga2,cap102,C1,42,0.28,200000.0,678535.4375
nsga2,cap102,C1,42,0.28,212500.0,673705.975
nsga2,cap102,C1,42,0.28,225000.0,668892.7
nsga2,cap102,C1,42,0.28,237500.0,664462.45
nsga2,cap102,C1,42,0.28,250000.0,660709.9
nsga2,cap102,C1,42,0.28,262500.0,658218.8125
nsga2,cap102,C1,42,0.28,275000.0,656001.7625
nsga2,cap102,C1,42,0.28,287500.0,653838.7875
nsga2,cap102,C1,43,0.288,0.0,1248142.9
nsga2,cap102,C1,43,0.288,12500.0,1067662.1
nsga2,cap102,C1,43,0.288,25000.0,895519.125
nsga2,cap102,C1,43,0.288,37500.0,853941.75
nsga2,cap102,C1,43,0.288,50000.0,829460.975
nsga2,cap102,C1,43,0.288,62500.0,807527.1875
nsga2,cap102,C1,43,0.288,75000.0,789008.1375
nsga2,cap102,C1,43,0.288,87500.0,771282.1125
nsga2,cap102,C1,43,0.288,100000.0,756767.0625
nsga2,cap102,C1,43,0.288,112500.0,742966.85
nsga2,cap102,C1,43,0.288,125000.0,729704.2
nsga2,cap102,C1,43,0.288,137500.0,718281.1
nsga2,cap102,C1,43,0.288,150000.0,709103.6
nsga2,cap102,C1,43,0.288,162500.0,700008.725
nsga2,cap102,C1,43,0.288,175000.0,691648.4375
nsga2,cap102,C1,43,0.288,187500.0,685082.2875
nsga2,cap102,C1,43,0.288,200000.0,678535.4375
nsga2,cap102,C1,43,0.288,212500.0,673705.975
nsga2,cap102,C1,43,0.288,225000.0,668892.7
nsga2,cap102,C1,43,0.288,237500.0,664462.45
nsga2,cap102,C1,43,0.288,250000.0,660709.9
nsga2,cap102,C1,43,0.288,262500.0,658218.8125
nsga2,cap102,C1,43,0.288,275000.0,656001.7625
nsga2,cap102,C1,43,0.288,287500.0,653838.7875
nsga2,cap102,C1,43,0.288,300000.0,652291.15
nsga2,cap102,C1,44,0.235,0.0,1248142.9
nsga2,cap102,C1,44,0.235,12500.0,1067662.1
nsga2,cap102,C1,44,0.235,25000.0,895519.125
nsga2,cap102,C1,44,0.235,37500.0,853941.75
nsga2,cap102,C1,44,0.235,50000.0,829460.975
nsga2,cap102,C1,44,0.235,62500.0,807527.1875
nsga2,cap102,C1,44,0.235,75000.0,789008.1375
nsga2,cap102,C1,44,0.235,87500.0,771282.1125
nsga2,cap102,C1,44,0.235,100000.0,756767.0625
nsga2,cap102,C1,44,0.235,112500.0,742966.85
nsga2,cap102,C1,44,0.235,125000.0,729704.2
nsga2,cap102,C1,44,0.235,137500.0,718281.1
nsga2,cap102,C1,44,0.235,150000.0,709103.6
nsga2,cap102,C1,44,0.235,162500.0,700008.725
nsga2,cap102,C1,44,0.235,175000.0,691648.4375
nsga2,cap102,C1,44,0.235,187500.0,685082.2875
nsga2,cap102,C1,44,0.235,200000.0,678535.4375
nsga2,cap102,C1,44,0.235,212500.0,673705.975
nsga2,cap102,C1,44,0.235,225000.0,668892.7
nsga2,cap102,C1,44,0.235,237500.0,664462.45
nsga2,cap102,C1,44,0.235,250000.0,660709.9
nsga2,cap102,C1,44,0.235,262500.0,658492.85
nsga2,cap102,C1,44,0.235,275000.0,656001.7625
nsga2,cap102,C1,44,0.235,287500.0,653838.7875
nsga2,cap102,C1,44,0.235,300000.0,652291.15
nsga2,cap102,C1,45,0.233,0.0,1248142.9
nsga2,cap102,C1,45,0.233,12500.0,1067662.1
nsga2,cap102,C1,45,0.233,25000.0,895519.125
nsga2,cap102,C1,45,0.233,37500.0,853941.75
nsga2,cap102,C1,45,0.233,50000.0,829460.975
nsga2,cap102,C1,45,0.233,62500.0,807527.1875
nsga2,cap102,C1,45,0.233,75000.0,789008.1375
nsga2,cap102,C1,45,0.233,87500.0,771282.1125
nsga2,cap102,C1,45,0.233,100000.0,756767.0625
nsga2,cap102,C1,45,0.233,112500.0,742966.85
nsga2,cap102,C1,45,0.233,125000.0,729704.2
nsga2,cap102,C1,45,0.233,137500.0,718281.1
nsga2,cap102,C1,45,0.233,150000.0,709103.6
nsga2,cap102,C1,45,0.233,162500.0,700008.725
nsga2,cap102,C1,45,0.233,175000.0,691648.4375
nsga2,cap102,C1,45,0.233,187500.0,685082.2875
nsga2,cap102,C1,45,0.233,200000.0,678535.4375
nsga2,cap102,C1,45,0.233,212500.0,673705.975
nsga2,cap102,C1,45,0.233,225000.0,668892.7
nsga2,cap102,C1,45,0.233,237500.0,664462.45
nsga2,cap102,C1,45,0.233,250000.0,660709.9
nsga2,cap102,C1,45,0.233,262500.0,658218.8125
nsga2,cap102,C1,45,0.233,275000.0,656001.7625
nsga2,cap102,C1,45,0.233,287500.0,653838.7875
nsga2,cap102,C1,45,0.233,300000.0,652291.15
nsga2,cap102,C1,46,0.227,0.0,1248142.9
nsga2,cap102,C1,46,0.227,12500.0,1067662.1
nsga2,cap102,C1,46,0.227,25000.0,895519.125
nsga2,cap102,C1,46,0.227,37500.0,853941.75
nsga2,cap102,C1,46,0.227,50000.0,829460.975
nsga2,cap102,C1,46,0.227,62500.0,807527.1875
nsga2,cap102,C1,46,0.227,75000.0,789573.7125
nsga2,cap102,C1,46,0.227,87500.0,771282.1125
nsga2,cap102,C1,46,0.227,100000.0,756767.0625
nsga2,cap102,C1,46,0.227,112500.0,742966.85
nsga2,cap102,C1,46,0.227,125000.0,729704.2
nsga2,cap102,C1,46,0.227,137500.0,718281.1
nsga2,cap102,C1,46,0.227,150000.0,709103.6
nsga2,cap102,C1,46,0.227,162500.0,700008.725
nsga2,cap102,C1,46,0.227,175000.0,691648.4375
nsga2,cap102,C1,46,0.227,187500.0,685082.2875
nsga2,cap102,C1,46,0.227,200000.0,678535.4375
nsga2,cap102,C1,46,0.227,212500.0,673705.975
nsga2,cap102,C1,46,0.227,225000.0,668892.7
nsga2,cap102,C1,46,0.227,237500.0,664462.45
nsga2,cap102,C1,46,0.227,250000.0,660709.9
nsga2,cap102,C1,46,0.227,262500.0,658218.8125
nsga2,cap102,C1,46,0.227,275000.0,656001.7625
nsga2,cap102,C1,46,0.227,287500.0,653838.7875
nsga2,cap102,C1,46,0.227,300000.0,652291.15
nsga2,cap102,C1,47,0.226,0.0,1248142.9
nsga2,cap102,C1,47,0.226,12500.0,1067662.1
nsga2,cap102,C1,47,0.226,25000.0,895519.125
nsga2,cap102,C1,47,0.226,37500.0,853941.75
nsga2,cap102,C1,47,0.226,50000.0,829460.975
nsga2,cap102,C1,47,0.226,62500.0,807527.1875
nsga2,cap102,C1,47,0.226,75000.0,789008.1375
nsga2,cap102,C1,47,0.226,87500.0,771282.1125
nsga2,cap102,C1,47,0.226,100000.0,756767.0625
nsga2,cap102,C1,47,0.226,112500.0,742966.85
nsga2,cap102,C1,47,0.226,125000.0,729704.2
nsga2,cap102,C1,47,0.226,137500.0,718281.1
nsga2,cap102,C1,47,0.226,150000.0,709103.6
nsga2,cap102,C1,47,0.226,162500.0,700008.725
nsga2,cap102,C1,47,0.226,175000.0,691648.4375
nsga2,cap102,C1,47,0.226,187500.0,685082.2875
nsga2,cap102,C1,47,0.226,200000.0,678535.4375
nsga2,cap102,C1,47,0.226,212500.0,673705.975
nsga2,cap102,C1,47,0.226,225000.0,668892.7
nsga2,cap102,C1,47,0.226,237500.0,664462.45
nsga2,cap102,C1,47,0.226,250000.0,660709.9
nsga2,cap102,C1,47,0.226,262500.0,658218.8125
nsga2,cap102,C1,47,0.226,275000.0,656001.7625
nsga2,cap102,C1,47,0.226,287500.0,653838.7875
nsga2,cap102,C1,47,0.226,300000.0,652291.15
nsga2,cap102,C1,48,0.225,0.0,1248142.9
nsga2,cap102,C1,48,0.225,12500.0,1067662.1
nsga2,cap102,C1,48,0.225,25000.0,895519.125
nsga2,cap102,C1,48,0.225,37500.0,853941.75
nsga2,cap102,C1,48,0.225,50000.0,829460.975
nsga2,cap102,C1,48,0.225,62500.0,807527.1875
nsga2,cap102,C1,48,0.225,75000.0,789008.1375
nsga2,cap102,C1,48,0.225,87500.0,771282.1125
nsga2,cap102,C1,48,0.225,100000.0,756767.0625
nsga2,cap102,C1,48,0.225,112500.0,742966.85
nsga2,cap102,C1,48,0.225,125000.0,729704.2
nsga2,cap102,C1,48,0.225,137500.0,718281.1
nsga2,cap102,C1,48,0.225,150000.0,709103.6
nsga2,cap102,C1,48,0.225,162500.0,700008.725
nsga2,cap102,C1,48,0.225,175000.0,691648.4375
nsga2,cap102,C1,48,0.225,187500.0,685082.2875
nsga2,cap102,C1,48,0.225,200000.0,678535.4375
nsga2,cap102,C1,48,0.225,212500.0,673705.975
nsga2,cap102,C1,48,0.225,225000.0,668892.7
nsga2,cap102,C1,48,0.225,237500.0,664462.45
nsga2,cap102,C1,48,0.225,250000.0,660709.9
nsga2,cap102,C1,48,0.225,262500.0,658218.8125
nsga2,cap102,C1,48,0.225,275000.0,656001.7625
nsga2,cap102,C1,48,0.225,287500.0,653838.7875
nsga2,cap102,C1,48,0.225,300000.0,652291.15
nsga2,cap102,C1,49,0.223,0.0,1248142.9
nsga2,cap102,C1,49,0.223,12500.0,1067662.1
nsga2,cap102,C1,49,0.223,25000.0,895519.125
nsga2,cap102,C1,49,0.223,37500.0,853941.75
nsga2,cap102,C1,49,0.223,50000.0,829460.975
nsga2,cap102,C1,49,0.223,62500.0,807527.1875
nsga2,cap102,C1,49,0.223,75000.0,789008.1375
nsga2,cap102,C1,49,0.223,87500.0,771282.1125
nsga2,cap102,C1,49,0.223,100000.0,756767.0625
nsga2,cap102,C1,49,0.223,112500.0,742966.85
nsga2,cap102,C1,49,0.223,125000.0,729704.2
nsga2,cap102,C1,49,0.223,137500.0,718281.1
nsga2,cap102,C1,49,0.223,150000.0,709103.6
nsga2,cap102,C1,49,0.223,162500.0,700008.725
nsga2,cap102,C1,49,0.223,175000.0,691648.4375
nsga2,cap102,C1,49,0.223,187500.0,685082.2875
nsga2,cap102,C1,49,0.223,200000.0,678535.4375
nsga2,cap102,C1,49,0.223,212500.0,673705.975
nsga2,cap102,C1,49,0.223,225000.0,668892.7
nsga2,cap102,C1,49,0.223,237500.0,664462.45
nsga2,cap102,C1,49,0.223,250000.0,660709.9
nsga2,cap102,C1,49,0.223,262500.0,658218.8125
nsga2,cap102,C1,49,0.223,275000.0,656001.7625
nsga2,cap102,C1,49,0.223,287500.0,653838.7875
nsga2,cap102,C1,49,0.223,300000.0,652291.15
nsga2,cap102,C1,50,0.235,0.0,1248142.9
nsga2,cap102,C1,50,0.235,12500.0,1067662.1
nsga2,cap102,C1,50,0.235,25000.0,895519.125
nsga2,cap102,C1,50,0.235,37500.0,853941.75
nsga2,cap102,C1,50,0.235,50000.0,829460.975
nsga2,cap102,C1,50,0.235,62500.0,807527.1875
nsga2,cap102,C1,50,0.235,75000.0,789008.1375
nsga2,cap102,C1,50,0.235,87500.0,771282.1125
nsga2,cap102,C1,50,0.235,100000.0,756767.0625
nsga2,cap102,C1,50,0.235,112500.0,742966.85
nsga2,cap102,C1,50,0.235,125000.0,729704.2
nsga2,cap102,C1,50,0.235,137500.0,718281.1
nsga2,cap102,C1,50,0.235,150000.0,709103.6
nsga2,cap102,C1,50,0.235,162500.0,700008.725
nsga2,cap102,C1,50,0.235,175000.0,691648.4375
nsga2,cap102,C1,50,0.235,187500.0,685082.2875
nsga2,cap102,C1,50,0.235,200000.0,678535.4375
nsga2,cap102,C1,50,0.235,212500.0,673705.975
nsga2,cap102,C1,50,0.235,225000.0,668892.7
nsga2,cap102,C1,50,0.235,237500.0,664462.45
nsga2,cap102,C1,50,0.235,250000.0,660709.9
nsga2,cap102,C1,50,0.235,262500.0,658218.8125
nsga2,cap102,C1,50,0.235,275000.0,656001.7625
nsga2,cap102,C1,50,0.235,287500.0,653838.7875
nsga2,cap102,C1,50,0.235,300000.0,652291.15
nsga2,cap102,C1,51,0.232,0.0,1248142.9
nsga2,cap102,C1,51,0.232,12500.0,1067662.1
nsga2,cap102,C1,51,0.232,25000.0,895519.125
nsga2,cap102,C1,51,0.232,37500.0,853941.75
nsga2,cap102,C1,51,0.232,50000.0,829460.975
nsga2,cap102,C1,51,0.232,62500.0,807527.1875
nsga2,cap102,C1,51,0.232,75000.0,789008.1375
nsga2,cap102,C1,51,0.232,87500.0,771282.1125
nsga2,cap102,C1,51,0.232,100000.0,756767.0625
nsga2,cap102,C1,51,0.232,112500.0,742966.85
nsga2,cap102,C1,51,0.232,125000.0,729704.2
nsga2,cap102,C1,51,0.232,137500.0,718281.1
nsga2,cap102,C1,51,0.232,150000.0,709103.6
nsga2,cap102,C1,51,0.232,162500.0,700008.725
nsga2,cap102,C1,51,0.232,175000.0,691648.4375
nsga2,cap102,C1,51,0.232,187500.0,685082.2875
nsga2,cap102,C1,51,0.232,200000.0,678535.4375
nsga2,cap102,C1,51,0.232,212500.0,673705.975
nsga2,cap102,C1,51,0.232,225000.0,668892.7
nsga2,cap102,C1,51,0.232,237500.0,664462.45
nsga2,cap102,C1,51,0.232,250000.0,660709.9
nsga2,cap102,C1,51,0.232,262500.0,658218.8125
nsga2,cap102,C1,51,0.232,275000.0,656001.7625
nsga2,cap102,C1,51,0.232,287500.0,653838.7875
nsga2,cap102,C1,51,0.232,300000.0,652291.15
vega,cap102,C2,42,0.787,37500.0,935817.9625
vega,cap102,C2,42,0.787,75000.0,820433.7875
vega,cap102,C2,42,0.787,87500.0,807962.425
vega,cap102,C2,42,0.787,100000.0,783445.1375
vega,cap102,C2,42,0.787,112500.0,755856.475
vega,cap102,C2,42,0.787,137500.0,748523.5125
vega,cap102,C2,42,0.787,150000.0,733708.7875
vega,cap102,C2,42,0.787,162500.0,719641.1
vega,cap102,C2,43,0.838,25000.0,1049143.05
vega,cap102,C2,43,0.838,50000.0,855871.85
vega,cap102,C2,43,0.838,62500.0,837122.1124999999
vega,cap102,C2,43,0.838,75000.0,815229.9375
vega,cap102,C2,43,0.838,87500.0,796518.5875
vega,cap102,C2,43,0.838,100000.0,782298.1125
vega,cap102,C2,43,0.838,112500.0,781245.5125
vega,cap102,C2,43,0.838,125000.0,780149.775
vega,cap102,C2,43,0.838,137500.0,749184.15
vega,cap102,C2,43,0.838,150000.0,748571.2
vega,cap102,C2,44,0.815,25000.0,1152934.4125
vega,cap102,C2,44,0.815,50000.0,970889.9125
vega,cap102,C2,44,0.815,62500.0,835531.85
vega,cap102,C2,44,0.815,75000.0,833633.7
vega,cap102,C2,44,0.815,87500.0,793337.375
vega,cap102,C2,44,0.815,100000.0,784558.2375
vega,cap102,C2,44,0.815,112500.0,760613.2625
vega,cap102,C2,44,0.815,125000.0,759969.5625
vega,cap102,C2,44,0.815,137500.0,746565.1375
vega,cap102,C2,44,0.815,162500.0,746289.55
vega,cap102,C2,44,0.815,187500.0,733438.1375
vega,cap102,C2,45,0.773,50000.0,958422.1124999999
vega,cap102,C2,45,0.773,62500.0,948826.4
vega,cap102,C2,45,0.773,75000.0,814214.2125
vega,cap102,C2,45,0.773,87500.0,790856.35
vega,cap102,C2,45,0.773,100000.0,783440.5
vega,cap102,C2,45,0.773,112500.0,770717.4375
vega,cap102,C2,45,0.773,125000.0,758910.4875
vega,cap102,C2,45,0.773,137500.0,752603.075
vega,cap102,C2,45,0.773,150000.0,743101.4125
vega,cap102,C2,45,0.773,162500.0,736421.25
vega,cap102,C2,45,0.773,175000.0,733369.325
vega,cap102,C2,46,0.824,62500.0,921129.55
vega,cap102,C2,46,0.824,75000.0,831608.3250000001
vega,cap102,C2,46,0.824,87500.0,789821.2374999999
vega,cap102,C2,46,0.824,100000.0,770146.6875
vega,cap102,C2,46,0.824,112500.0,757793.9125
vega,cap102,C2,46,0.824,125000.0,749302.675
vega,cap102,C2,46,0.824,137500.0,736331.4
vega,cap102,C2,46,0.824,150000.0,711188.3625
vega,cap102,C2,47,0.841,50000.0,1048355.75
vega,cap102,C2,47,0.841,62500.0,817492.9125
vega,cap102,C2,47,0.841,87500.0,792413.7875
vega,cap102,C2,47,0.841,100000.0,780411.6625
vega,cap102,C2,47,0.841,112500.0,756435.5375
vega,cap102,C2,47,0.841,137500.0,752926.2625
vega,cap102,C2,47,0.841,150000.0,749190.25
vega,cap102,C2,47,0.841,175000.0,722055.2
vega,cap102,C2,47,0.841,187500.0,710662.9875
vega,cap102,C2,47,0.841,200000.0,706634.225
vega,cap102,C2,48,0.839,50000.0,1024265.875
vega,cap102,C2,48,0.839,62500.0,840228.7125
vega,cap102,C2,48,0.839,75000.0,819516.3375
vega,cap102,C2,48,0.839,87500.0,797029.9625
vega,cap102,C2,48,0.839,100000.0,786485.65
vega,cap102,C2,48,0.839,112500.0,778540.275
vega,cap102,C2,48,0.839,125000.0,756409.2125
vega,cap102,C2,48,0.839,137500.0,747179.1
vega,cap102,C2,48,0.839,150000.0,727047.325
vega,cap102,C2,48,0.839,162500.0,717171.775
vega,cap102,C2,49,0.832,62500.0,937678.4875
vega,cap102,C2,49,0.832,75000.0,826238.6375
vega,cap102,C2,49,0.832,87500.0,815907.5625
vega,cap102,C2,49,0.832,100000.0,782737.3625
vega,cap102,C2,49,0.832,112500.0,770975.45
vega,cap102,C2,49,0.832,125000.0,764462.4875
vega,cap102,C2,49,0.832,137500.0,746941.275
vega,cap102,C2,49,0.832,162500.0,735504.1375
vega,cap102,C2,50,0.823,37500.0,1057769.4625
vega,cap102,C2,50,0.823,50000.0,927567.3625
vega,cap102,C2,50,0.823,62500.0,853501.675
vega,cap102,C2,50,0.823,75000.0,826613.7625
vega,cap102,C2,50,0.823,87500.0,796221.625
vega,cap102,C2,50,0.823,100000.0,787238.7374999999
vega,cap102,C2,50,0.823,112500.0,774329.1749999999
vega,cap102,C2,50,0.823,125000.0,747683.575
vega,cap102,C2,50,0.823,137500.0,736709.075
vega,cap102,C2,51,0.866,50000.0,903672.425
vega,cap102,C2,51,0.866,62500.0,884671.825
vega,cap102,C2,51,0.866,75000.0,844702.225
vega,cap102,C2,51,0.866,87500.0,804671.1375
vega,cap102,C2,51,0.866,100000.0,778880.2875
vega,cap102,C2,51,0.866,112500.0,759717.15
vega,cap102,C2,51,0.866,125000.0,749876.775
vega,cap102,C2,51,0.866,137500.0,748675.075
vega,cap102,C2,51,0.866,150000.0,717768.575
vega,cap102,C2,51,0.866,175000.0,708610.075
nsga2,cap102,C2,42,0.937,0.0,1248142.9
nsga2,cap102,C2,42,0.937,12500.0,1067662.1
nsga2,cap102,C2,42,0.937,25000.0,895519.125
nsga2,cap102,C2,42,0.937,37500.0,853941.75
nsga2,cap102,C2,42,0.937,50000.0,829460.975
nsga2,cap102,C2,42,0.937,62500.0,807527.1875
nsga2,cap102,C2,42,0.937,75000.0,789008.1375
nsga2,cap102,C2,42,0.937,87500.0,771282.1125
nsga2,cap102,C2,42,0.937,100000.0,756767.0625
nsga2,cap102,C2,42,0.937,112500.0,742966.85
nsga2,cap102,C2,42,0.937,125000.0,729704.2
nsga2,cap102,C2,42,0.937,137500.0,718281.1
nsga2,cap102,C2,42,0.937,150000.0,709103.6
nsga2,cap102,C2,42,0.937,162500.0,700008.725
nsga2,cap102,C2,42,0.937,175000.0,691648.4375
nsga2,cap102,C2,42,0.937,187500.0,685082.2875
nsga2,cap102,C2,42,0.937,200000.0,678535.4375
nsga2,cap102,C2,42,0.937,212500.0,673705.975
nsga2,cap102,C2,42,0.937,225000.0,668892.7
nsga2,cap102,C2,42,0.937,237500.0,664462.45
nsga2,cap102,C2,42,0.937,250000.0,660709.9
nsga2,cap102,C2,42,0.937,262500.0,658218.8125
nsga2,cap102,C2,42,0.937,275000.0,656001.7625
nsga2,cap102,C2,42,0.937,287500.0,653838.7875
nsga2,cap102,C2,42,0.937,300000.0,652291.15
nsga2,cap102,C2,43,0.9,0.0,1248142.9
nsga2,cap102,C2,43,0.9,12500.0,1067662.1
nsga2,cap102,C2,43,0.9,25000.0,895519.125
nsga2,cap102,C2,43,0.9,37500.0,853941.75
nsga2,cap102,C2,43,0.9,50000.0,829460.975
nsga2,cap102,C2,43,0.9,62500.0,807527.1875
nsga2,cap102,C2,43,0.9,75000.0,789008.1375
nsga2,cap102,C2,43,0.9,87500.0,771282.1125
nsga2,cap102,C2,43,0.9,100000.0,756767.0625
nsga2,cap102,C2,43,0.9,112500.0,742966.85
nsga2,cap102,C2,43,0.9,125000.0,729704.2
nsga2,cap102,C2,43,0.9,137500.0,718281.1
nsga2,cap102,C2,43,0.9,150000.0,709103.6
nsga2,cap102,C2,43,0.9,162500.0,700008.725
nsga2,cap102,C2,43,0.9,175000.0,691648.4375
nsga2,cap102,C2,43,0.9,187500.0,685082.2875
nsga2,cap102,C2,43,0.9,200000.0,678535.4375
nsga2,cap102,C2,43,0.9,212500.0,673705.975
nsga2,cap102,C2,43,0.9,225000.0,668892.7
nsga2,cap102,C2,43,0.9,237500.0,664462.45
nsga2,cap102,C2,43,0.9,250000.0,660709.9
nsga2,cap102,C2,43,0.9,262500.0,658218.8125
nsga2,cap102,C2,43,0.9,275000.0,656001.7625
nsga2,cap102,C2,43,0.9,287500.0,653838.7875
nsga2,cap102,C2,43,0.9,300000.0,652291.15
nsga2,cap102,C2,44,0.735,0.0,1248142.9
nsga2,cap102,C2,44,0.735,12500.0,1067662.1
nsga2,cap102,C2,44,0.735,25000.0,895519.125
nsga2,cap102,C2,44,0.735,37500.0,853941.75
nsga2,cap102,C2,44,0.735,50000.0,829460.975
nsga2,cap102,C2,44,0.735,62500.0,807527.1875
nsga2,cap102,C2,44,0.735,75000.0,789008.1375
nsga2,cap102,C2,44,0.735,87500.0,771282.1125
nsga2,cap102,C2,44,0.735,100000.0,756767.0625
nsga2,cap102,C2,44,0.735,112500.0,742966.85
nsga2,cap102,C2,44,0.735,125000.0,729704.2
nsga2,cap102,C2,44,0.735,137500.0,718281.1
nsga2,cap102,C2,44,0.735,150000.0,709103.6
nsga2,cap102,C2,44,0.735,162500.0,700008.725
nsga2,cap102,C2,44,0.735,175000.0,691648.4375
nsga2,cap102,C2,44,0.735,187500.0,685082.2875
nsga2,cap102,C2,44,0.735,200000.0,678535.4375
nsga2,cap102,C2,44,0.735,212500.0,673705.975
nsga2,cap102,C2,44,0.735,225000.0,668892.7
nsga2,cap102,C2,44,0.735,237500.0,664462.45
nsga2,cap102,C2,44,0.735,250000.0,660709.9
nsga2,cap102,C2,44,0.735,262500.0,658218.8125
nsga2,cap102,C2,44,0.735,275000.0,656001.7625
nsga2,cap102,C2,44,0.735,287500.0,653838.7875
nsga2,cap102,C2,44,0.735,300000.0,652291.15
nsga2,cap102,C2,45,0.709,0.0,1248142.9
nsga2,cap102,C2,45,0.709,12500.0,1067662.1
nsga2,cap102,C2,45,0.709,25000.0,895519.125
nsga2,cap102,C2,45,0.709,37500.0,853941.75
nsga2,cap102,C2,45,0.709,50000.0,829460.975
nsga2,cap102,C2,45,0.709,62500.0,807527.1875
nsga2,cap102,C2,45,0.709,75000.0,789008.1375
nsga2,cap102,C2,45,0.709,87500.0,771282.1125
nsga2,cap102,C2,45,0.709,100000.0,756767.0625
nsga2,cap102,C2,45,0.709,112500.0,742966.85
nsga2,cap102,C2,45,0.709,125000.0,729704.2
nsga2,cap102,C2,45,0.709,137500.0,718281.1
nsga2,cap102,C2,45,0.709,150000.0,709103.6
nsga2,cap102,C2,45,0.709,162500.0,700008.725
nsga2,cap102,C2,45,0.709,175000.0,691648.4375
nsga2,cap102,C2,45,0.709,187500.0,685082.2875
nsga2,cap102,C2,45,0.709,200000.0,678535.4375
nsga2,cap102,C2,45,0.709,212500.0,673705.975
nsga2,cap102,C2,45,0.709,225000.0,668892.7
nsga2,cap102,C2,45,0.709,237500.0,664462.45
nsga2,cap102,C2,45,0.709,250000.0,660709.9
nsga2,cap102,C2,45,0.709,262500.0,658218.8125
nsga2,cap102,C2,45,0.709,275000.0,656001.7625
nsga2,cap102,C2,45,0.709,287500.0,653838.7875
nsga2,cap102,C2,45,0.709,300000.0,652291.15
nsga2,cap102,C2,46,0.707,0.0,1248142.9
nsga2,cap102,C2,46,0.707,12500.0,1067662.1
nsga2,cap102,C2,46,0.707,25000.0,895519.125
nsga2,cap102,C2,46,0.707,37500.0,853941.75
nsga2,cap102,C2,46,0.707,50000.0,829460.975
nsga2,cap102,C2,46,0.707,62500.0,807527.1875
nsga2,cap102,C2,46,0.707,75000.0,789008.1375
nsga2,cap102,C2,46,0.707,87500.0,771282.1125
nsga2,cap102,C2,46,0.707,100000.0,756767.0625
nsga2,cap102,C2,46,0.707,112500.0,742966.85
nsga2,cap102,C2,46,0.707,125000.0,729704.2
nsga2,cap102,C2,46,0.707,137500.0,718281.1
nsga2,cap102,C2,46,0.707,150000.0,709103.6
nsga2,cap102,C2,46,0.707,162500.0,700008.725
nsga2,cap102,C2,46,0.707,175000.0,691648.4375
nsga2,cap102,C2,46,0.707,187500.0,685082.2875
nsga2,cap102,C2,46,0.707,200000.0,678535.4375
nsga2,cap102,C2,46,0.707,212500.0,673705.975
nsga2,cap102,C2,46,0.707,225000.0,668892.7
nsga2,cap102,C2,46,0.707,237500.0,664462.45
nsga2,cap102,C2,46,0.707,250000.0,660709.9
nsga2,cap102,C2,46,0.707,262500.0,658218.8125
nsga2,cap102,C2,46,0.707,275000.0,656001.7625
nsga2,cap102,C2,46,0.707,287500.0,653838.7875
nsga2,cap102,C2,46,0.707,300000.0,652291.15
nsga2,cap102,C2,47,0.717,0.0,1248142.9
nsga2,cap102,C2,47,0.717,12500.0,1067662.1
nsga2,cap102,C2,47,0.717,25000.0,895519.125
nsga2,cap102,C2,47,0.717,37500.0,853941.75
nsga2,cap102,C2,47,0.717,50000.0,829460.975
nsga2,cap102,C2,47,0.717,62500.0,807527.1875
nsga2,cap102,C2,47,0.717,75000.0,789008.1375
nsga2,cap102,C2,47,0.717,87500.0,771282.1125
nsga2,cap102,C2,47,0.717,100000.0,756767.0625
nsga2,cap102,C2,47,0.717,112500.0,742966.85
nsga2,cap102,C2,47,0.717,125000.0,729704.2
nsga2,cap102,C2,47,0.717,137500.0,718281.1
nsga2,cap102,C2,47,0.717,150000.0,709103.6
nsga2,cap102,C2,47,0.717,162500.0,700008.725
nsga2,cap102,C2,47,0.717,175000.0,691648.4375
nsga2,cap102,C2,47,0.717,187500.0,685082.2875
nsga2,cap102,C2,47,0.717,200000.0,678535.4375
nsga2,cap102,C2,47,0.717,212500.0,673705.975
nsga2,cap102,C2,47,0.717,225000.0,668892.7
nsga2,cap102,C2,47,0.717,237500.0,664462.45
nsga2,cap102,C2,47,0.717,250000.0,660709.9
nsga2,cap102,C2,47,0.717,262500.0,658218.8125
nsga2,cap102,C2,47,0.717,275000.0,656001.7625
nsga2,cap102,C2,47,0.717,287500.0,653838.7875
nsga2,cap102,C2,47,0.717,300000.0,652291.15
nsga2,cap102,C2,48,0.75,0.0,1248142.9
nsga2,cap102,C2,48,0.75,12500.0,1067662.1
nsga2,cap102,C2,48,0.75,25000.0,895519.125
nsga2,cap102,C2,48,0.75,37500.0,853941.75
nsga2,cap102,C2,48,0.75,50000.0,829460.975
nsga2,cap102,C2,48,0.75,62500.0,807527.1875
nsga2,cap102,C2,48,0.75,75000.0,789008.1375
nsga2,cap102,C2,48,0.75,87500.0,771282.1125
nsga2,cap102,C2,48,0.75,100000.0,756767.0625
nsga2,cap102,C2,48,0.75,112500.0,742966.85
nsga2,cap102,C2,48,0.75,125000.0,729704.2
nsga2,cap102,C2,48,0.75,137500.0,718281.1
nsga2,cap102,C2,48,0.75,150000.0,709103.6
nsga2,cap102,C2,48,0.75,162500.0,700008.725
nsga2,cap102,C2,48,0.75,175000.0,691648.4375
nsga2,cap102,C2,48,0.75,187500.0,685082.2875
nsga2,cap102,C2,48,0.75,200000.0,678535.4375
nsga2,cap102,C2,48,0.75,212500.0,673705.975
nsga2,cap102,C2,48,0.75,225000.0,668892.7
nsga2,cap102,C2,48,0.75,237500.0,664462.45
nsga2,cap102,C2,48,0.75,250000.0,660709.9
nsga2,cap102,C2,48,0.75,262500.0,658218.8125
nsga2,cap102,C2,48,0.75,275000.0,656001.7625
nsga2,cap102,C2,48,0.75,287500.0,653838.7875
nsga2,cap102,C2,48,0.75,300000.0,652291.15
nsga2,cap102,C2,49,0.702,0.0,1248142.9
nsga2,cap102,C2,49,0.702,12500.0,1067662.1
nsga2,cap102,C2,49,0.702,25000.0,895519.125
nsga2,cap102,C2,49,0.702,37500.0,853941.75
nsga2,cap102,C2,49,0.702,50000.0,829460.975
nsga2,cap102,C2,49,0.702,62500.0,807527.1875
nsga2,cap102,C2,49,0.702,75000.0,789008.1375
nsga2,cap102,C2,49,0.702,87500.0,771282.1125
nsga2,cap102,C2,49,0.702,100000.0,756767.0625
nsga2,cap102,C2,49,0.702,112500.0,742966.85
nsga2,cap102,C2,49,0.702,125000.0,729704.2
nsga2,cap102,C2,49,0.702,137500.0,718281.1
nsga2,cap102,C2,49,0.702,150000.0,709103.6
nsga2,cap102,C2,49,0.702,162500.0,700008.725
nsga2,cap102,C2,49,0.702,175000.0,691648.4375
nsga2,cap102,C2,49,0.702,187500.0,685082.2875
nsga2,cap102,C2,49,0.702,200000.0,678535.4375
nsga2,cap102,C2,49,0.702,212500.0,673705.975
nsga2,cap102,C2,49,0.702,225000.0,668892.7
nsga2,cap102,C2,49,0.702,237500.0,664462.45
nsga2,cap102,C2,49,0.702,250000.0,660709.9
nsga2,cap102,C2,49,0.702,262500.0,658218.8125
nsga2,cap102,C2,49,0.702,275000.0,656001.7625
nsga2,cap102,C2,49,0.702,287500.0,653838.7875
nsga2,cap102,C2,49,0.702,300000.0,652291.15
nsga2,cap102,C2,50,0.716,0.0,1248142.9
nsga2,cap102,C2,50,0.716,12500.0,1067662.1
nsga2,cap102,C2,50,0.716,25000.0,895519.125
nsga2,cap102,C2,50,0.716,37500.0,853941.75
nsga2,cap102,C2,50,0.716,50000.0,829460.975
nsga2,cap102,C2,50,0.716,62500.0,807527.1875
nsga2,cap102,C2,50,0.716,75000.0,789008.1375
nsga2,cap102,C2,50,0.716,87500.0,771282.1125
nsga2,cap102,C2,50,0.716,100000.0,756767.0625
nsga2,cap102,C2,50,0.716,112500.0,742966.85
nsga2,cap102,C2,50,0.716,125000.0,729704.2
nsga2,cap102,C2,50,0.716,137500.0,718281.1
nsga2,cap102,C2,50,0.716,150000.0,709103.6
nsga2,cap102,C2,50,0.716,162500.0,700008.725
nsga2,cap102,C2,50,0.716,175000.0,691648.4375
nsga2,cap102,C2,50,0.716,187500.0,685082.2875
nsga2,cap102,C2,50,0.716,200000.0,678535.4375
nsga2,cap102,C2,50,0.716,212500.0,673705.975
nsga2,cap102,C2,50,0.716,225000.0,668892.7
nsga2,cap102,C2,50,0.716,237500.0,664462.45
nsga2,cap102,C2,50,0.716,250000.0,660709.9
nsga2,cap102,C2,50,0.716,262500.0,658218.8125
nsga2,cap102,C2,50,0.716,275000.0,656001.7625
nsga2,cap102,C2,50,0.716,287500.0,653838.7875
nsga2,cap102,C2,50,0.716,300000.0,652291.15
nsga2,cap102,C2,51,0.725,0.0,1248142.9
nsga2,cap102,C2,51,0.725,12500.0,1067662.1
nsga2,cap102,C2,51,0.725,25000.0,895519.125
nsga2,cap102,C2,51,0.725,37500.0,853941.75
nsga2,cap102,C2,51,0.725,50000.0,829460.975
nsga2,cap102,C2,51,0.725,62500.0,807527.1875
nsga2,cap102,C2,51,0.725,75000.0,789008.1375
nsga2,cap102,C2,51,0.725,87500.0,771282.1125
nsga2,cap102,C2,51,0.725,100000.0,756767.0625
nsga2,cap102,C2,51,0.725,112500.0,742966.85
nsga2,cap102,C2,51,0.725,125000.0,729704.2
nsga2,cap102,C2,51,0.725,137500.0,718281.1
nsga2,cap102,C2,51,0.725,150000.0,709103.6
nsga2,cap102,C2,51,0.725,162500.0,700008.725
nsga2,cap102,C2,51,0.725,175000.0,691648.4375
nsga2,cap102,C2,51,0.725,187500.0,685082.2875
nsga2,cap102,C2,51,0.725,200000.0,678535.4375
nsga2,cap102,C2,51,0.725,212500.0,673705.975
nsga2,cap102,C2,51,0.725,225000.0,668892.7
nsga2,cap102,C2,51,0.725,237500.0,664462.45
nsga2,cap102,C2,51,0.725,250000.0,660709.9
nsga2,cap102,C2,51,0.725,262500.0,658218.8125
nsga2,cap102,C2,51,0.725,275000.0,656001.7625
nsga2,cap102,C2,51,0.725,287500.0,653838.7875
nsga2,cap102,C2,51,0.725,300000.0,652291.15
vega,cap102,C3,42,2.872,62500.0,966160.4
vega,cap102,C3,42,2.872,75000.0,848885.25
vega,cap102,C3,42,2.872,87500.0,787978.9
vega,cap102,C3,42,2.872,112500.0,777556.875
vega,cap102,C3,42,2.872,125000.0,756781.3125
vega,cap102,C3,42,2.872,137500.0,739760.4625
vega,cap102,C3,42,2.872,162500.0,727905.1875
vega,cap102,C3,42,2.872,175000.0,719870.1125
vega,cap102,C3,42,2.872,187500.0,707187.8625
vega,cap102,C3,42,2.872,200000.0,704731.825
vega,cap102,C3,43,3.164,50000.0,990966.725
vega,cap102,C3,43,3.164,62500.0,911027.5625
vega,cap102,C3,43,3.164,75000.0,823097.725
vega,cap102,C3,43,3.164,100000.0,785583.2125
vega,cap102,C3,43,3.164,125000.0,751949.2625
vega,cap102,C3,43,3.164,137500.0,751341.8125
vega,cap102,C3,43,3.164,150000.0,748398.1875
vega,cap102,C3,43,3.164,162500.0,729632.6125
vega,cap102,C3,43,3.164,175000.0,727312.8875
vega,cap102,C3,43,3.164,187500.0,722340.7
vega,cap102,C3,44,2.938,62500.0,876677.525
vega,cap102,C3,44,2.938,87500.0,859703.0125
vega,cap102,C3,44,2.938,100000.0,794647.475
vega,cap102,C3,44,2.938,125000.0,761524.025
vega,cap102,C3,44,2.938,137500.0,742113.3
vega,cap102,C3,44,2.938,150000.0,730119.4625
vega,cap102,C3,44,2.938,162500.0,712562.5875
vega,cap102,C3,44,2.938,212500.0,707662.575
vega,cap102,C3,45,2.868,50000.0,1581102.7375
vega,cap102,C3,45,2.868,62500.0,1113332.425
vega,cap102,C3,45,2.868,75000.0,909382.925
vega,cap102,C3,45,2.868,87500.0,849883.0375
vega,cap102,C3,45,2.868,100000.0,809867.8125
vega,cap102,C3,45,2.868,112500.0,789028.2999999999
vega,cap102,C3,45,2.868,125000.0,773218.45
vega,cap102,C3,45,2.868,137500.0,749974.6625
vega,cap102,C3,45,2.868,150000.0,738015.4875
vega,cap102,C3,45,2.868,162500.0,737956.6875
vega,cap102,C3,45,2.868,175000.0,720128.8875
vega,cap102,C3,45,2.868,187500.0,709748.325
vega,cap102,C3,45,2.868,200000.0,702880.5875
vega,cap102,C3,46,2.89,37500.0,1132433.5
vega,cap102,C3,46,2.89,50000.0,1056895.9
vega,cap102,C3,46,2.89,62500.0,941838.0875
vega,cap102,C3,46,2.89,75000.0,824949.225
vega,cap102,C3,46,2.89,87500.0,803308.0875
vega,cap102,C3,46,2.89,100000.0,790754.3125
vega,cap102,C3,46,2.89,112500.0,775107.8875
vega,cap102,C3,46,2.89,125000.0,754927.8875
vega,cap102,C3,46,2.89,150000.0,723458.3625
vega,cap102,C3,46,2.89,175000.0,705123.9375
vega,cap102,C3,46,2.89,200000.0,695840.575
vega,cap102,C3,46,2.89,225000.0,694200.7625
vega,cap102,C3,47,2.977,50000.0,1281018.225
vega,cap102,C3,47,2.977,62500.0,890364.05
vega,cap102,C3,47,2.977,87500.0,823338.3125
vega,cap102,C3,47,2.977,100000.0,797782.7375
vega,cap102,C3,47,2.977,112500.0,773955.5
vega,cap102,C3,47,2.977,125000.0,762616.2375
vega,cap102,C3,47,2.977,137500.0,759068.25
vega,cap102,C3,47,2.977,150000.0,743168.6125
vega,cap102,C3,47,2.977,162500.0,735131.975
vega,cap102,C3,47,2.977,175000.0,721088.175
vega,cap102,C3,47,2.977,187500.0,718655.225
vega,cap102,C3,48,2.791,50000.0,976104.9375
vega,cap102,C3,48,2.791,75000.0,850717.625
vega,cap102,C3,48,2.791,87500.0,831792.3
vega,cap102,C3,48,2.791,100000.0,771035.325
vega,cap102,C3,48,2.791,125000.0,750178.725
vega,cap102,C3,48,2.791,137500.0,742178.85
vega,cap102,C3,48,2.791,150000.0,724899.9
vega,cap102,C3,48,2.791,162500.0,718388.3125
vega,cap102,C3,48,2.791,175000.0,715478.6375
vega,cap102,C3,48,2.791,200000.0,702437.45
vega,cap102,C3,48,2.791,212500.0,696113.5375
vega,cap102,C3,49,2.839,62500.0,842810.8625
vega,cap102,C3,49,2.839,87500.0,827368.6375
vega,cap102,C3,49,2.839,100000.0,805409.9625
vega,cap102,C3,49,2.839,112500.0,768390.2
vega,cap102,C3,49,2.839,125000.0,755726.8875
vega,cap102,C3,49,2.839,150000.0,738024.375
vega,cap102,C3,49,2.839,175000.0,728823.275
vega,cap102,C3,49,2.839,187500.0,726731.425
vega,cap102,C3,49,2.839,200000.0,703161.1375
vega,cap102,C3,50,2.82,62500.0,959443.5375
vega,cap102,C3,50,2.82,75000.0,954079.6625
vega,cap102,C3,50,2.82,87500.0,816070.4874999999
vega,cap102,C3,50,2.82,100000.0,793162.9125
vega,cap102,C3,50,2.82,112500.0,753306.875
vega,cap102,C3,50,2.82,137500.0,752586.75
vega,cap102,C3,50,2.82,150000.0,725206.1
vega,cap102,C3,50,2.82,175000.0,713684.1
vega,cap102,C3,50,2.82,200000.0,705003.5
vega,cap102,C3,51,2.863,50000.0,1017365.85
vega,cap102,C3,51,2.863,62500.0,958013.5875
vega,cap102,C3,51,2.863,75000.0,954590.075
vega,cap102,C3,51,2.863,87500.0,786860.7875
vega,cap102,C3,51,2.863,100000.0,784616.45
vega,cap102,C3,51,2.863,112500.0,765582.725
vega,cap102,C3,51,2.863,125000.0,755919.8125
vega,cap102,C3,51,2.863,137500.0,750482.2999999999
vega,cap102,C3,51,2.863,150000.0,724549.825
vega,cap102,C3,51,2.863,175000.0,706775.3625
vega,cap102,C3,51,2.863,225000.0,691145.975
nsga2,cap102,C3,42,3.124,0.0,1248142.9
nsga2,cap102,C3,42,3.124,12500.0,1067662.1
nsga2,cap102,C3,42,3.124,25000.0,895519.125
nsga2,cap102,C3,42,3.124,37500.0,853941.75
nsga2,cap102,C3,42,3.124,50000.0,829460.975
nsga2,cap102,C3,42,3.124,62500.0,807527.1875
nsga2,cap102,C3,42,3.124,75000.0,789008.1375
nsga2,cap102,C3,42,3.124,87500.0,771282.1125
nsga2,cap102,C3,42,3.124,100000.0,756767.0625
nsga2,cap102,C3,42,3.124,112500.0,742966.85
nsga2,cap102,C3,42,3.124,125000.0,729704.2
nsga2,cap102,C3,42,3.124,137500.0,718281.1
nsga2,cap102,C3,42,3.124,150000.0,709103.6
nsga2,cap102,C3,42,3.124,162500.0,700008.725
nsga2,cap102,C3,42,3.124,175000.0,691648.4375
nsga2,cap102,C3,42,3.124,187500.0,685082.2875
nsga2,cap102,C3,42,3.124,200000.0,678535.4375
nsga2,cap102,C3,42,3.124,212500.0,673705.975
nsga2,cap102,C3,42,3.124,225000.0,668892.7
nsga2,cap102,C3,42,3.124,237500.0,664462.45
nsga2,cap102,C3,42,3.124,250000.0,660709.9
nsga2,cap102,C3,42,3.124,262500.0,658218.8125
nsga2,cap102,C3,42,3.124,275000.0,656001.7625
nsga2,cap102,C3,42,3.124,287500.0,653838.7875
nsga2,cap102,C3,42,3.124,300000.0,652291.15
nsga2,cap102,C3,43,3.036,0.0,1248142.9
nsga2,cap102,C3,43,3.036,12500.0,1067662.1
nsga2,cap102,C3,43,3.036,25000.0,895519.125
nsga2,cap102,C3,43,3.036,37500.0,853941.75
nsga2,cap102,C3,43,3.036,50000.0,829460.975
nsga2,cap102,C3,43,3.036,62500.0,807527.1875
nsga2,cap102,C3,43,3.036,75000.0,789008.1375
nsga2,cap102,C3,43,3.036,87500.0,771282.1125
nsga2,cap102,C3,43,3.036,100000.0,756767.0625
nsga2,cap102,C3,43,3.036,112500.0,742966.85
nsga2,cap102,C3,43,3.036,125000.0,729704.2
nsga2,cap102,C3,43,3.036,137500.0,718281.1
nsga2,cap102,C3,43,3.036,150000.0,709103.6
nsga2,cap102,C3,43,3.036,162500.0,700008.725
nsga2,cap102,C3,43,3.036,175000.0,691648.4375
nsga2,cap102,C3,43,3.036,187500.0,685082.2875
nsga2,cap102,C3,43,3.036,200000.0,678535.4375
nsga2,cap102,C3,43,3.036,212500.0,673705.975
nsga2,cap102,C3,43,3.036,225000.0,668892.7
nsga2,cap102,C3,43,3.036,237500.0,664462.45
nsga2,cap102,C3,43,3.036,250000.0,660709.9
nsga2,cap102,C3,43,3.036,262500.0,658218.8125
nsga2,cap102,C3,43,3.036,275000.0,656001.7625
nsga2,cap102,C3,43,3.036,287500.0,653838.7875
nsga2,cap102,C3,43,3.036,300000.0,652291.15
nsga2,cap102,C3,44,2.577,0.0,1248142.9
nsga2,cap102,C3,44,2.577,12500.0,1067662.1
nsga2,cap102,C3,44,2.577,25000.0,895519.125
nsga2,cap102,C3,44,2.577,37500.0,853941.75
nsga2,cap102,C3,44,2.577,50000.0,829460.975
nsga2,cap102,C3,44,2.577,62500.0,807527.1875
nsga2,cap102,C3,44,2.577,75000.0,789008.1375
nsga2,cap102,C3,44,2.577,87500.0,771282.1125
nsga2,cap102,C3,44,2.577,100000.0,756767.0625
nsga2,cap102,C3,44,2.577,112500.0,742966.85
nsga2,cap102,C3,44,2.577,125000.0,729704.2
nsga2,cap102,C3,44,2.577,137500.0,718281.1
nsga2,cap102,C3,44,2.577,150000.0,709103.6
nsga2,cap102,C3,44,2.577,162500.0,700008.725
nsga2,cap102,C3,44,2.577,175000.0,691648.4375
nsga2,cap102,C3,44,2.577,187500.0,685082.2875
nsga2,cap102,C3,44,2.577,200000.0,678535.4375
nsga2,cap102,C3,44,2.577,212500.0,673705.975
nsga2,cap102,C3,44,2.577,225000.0,668892.7
nsga2,cap102,C3,44,2.577,237500.0,664462.45
nsga2,cap102,C3,44,2.577,250000.0,660709.9
nsga2,cap102,C3,44,2.577,262500.0,658218.8125
nsga2,cap102,C3,44,2.577,275000.0,656001.7625
nsga2,cap102,C3,44,2.577,287500.0,653838.7875
nsga2,cap102,C3,44,2.577,300000.0,652291.15
nsga2,cap102,C3,45,2.543,0.0,1248142.9
nsga2,cap102,C3,45,2.543,12500.0,1067662.1
nsga2,cap102,C3,45,2.543,25000.0,895519.125
nsga2,cap102,C3,45,2.543,37500.0,853941.75
nsga2,cap102,C3,45,2.543,50000.0,829460.975
nsga2,cap102,C3,45,2.543,62500.0,807527.1875
nsga2,cap102,C3,45,2.543,75000.0,789008.1375
nsga2,cap102,C3,45,2.543,87500.0,771282.1125
nsga2,cap102,C3,45,2.543,100000.0,756767.0625
nsga2,cap102,C3,45,2.543,112500.0,742966.85
nsga2,cap102,C3,45,2.543,125000.0,729704.2
nsga2,cap102,C3,45,2.543,137500.0,718281.1
nsga2,cap102,C3,45,2.543,150000.0,709103.6
nsga2,cap102,C3,45,2.543,162500.0,700008.725
nsga2,cap102,C3,45,2.543,175000.0,691648.4375
nsga2,cap102,C3,45,2.543,187500.0,685082.2875
nsga2,cap102,C3,45,2.543,200000.0,678535.4375
nsga2,cap102,C3,45,2.543,212500.0,673705.975
nsga2,cap102,C3,45,2.543,225000.0,668892.7
nsga2,cap102,C3,45,2.543,237500.0,664462.45
nsga2,cap102,C3,45,2.543,250000.0,660709.9
nsga2,cap102,C3,45,2.543,262500.0,658218.8125
nsga2,cap102,C3,45,2.543,275000.0,656001.7625
nsga2,cap102,C3,45,2.543,287500.0,653838.7875
nsga2,cap102,C3,45,2.543,300000.0,652291.15
nsga2,cap102,C3,46,2.558,0.0,1248142.9
nsga2,cap102,C3,46,2.558,12500.0,1067662.1
nsga2,cap102,C3,46,2.558,25000.0,895519.125
nsga2,cap102,C3,46,2.558,37500.0,853941.75
nsga2,cap102,C3,46,2.558,50000.0,829460.975
nsga2,cap102,C3,46,2.558,62500.0,807527.1875
nsga2,cap102,C3,46,2.558,75000.0,789008.1375
nsga2,cap102,C3,46,2.558,87500.0,771282.1125
nsga2,cap102,C3,46,2.558,100000.0,756767.0625
nsga2,cap102,C3,46,2.558,112500.0,742966.85
nsga2,cap102,C3,46,2.558,125000.0,729704.2
nsga2,cap102,C3,46,2.558,137500.0,718281.1
nsga2,cap102,C3,46,2.558,150000.0,709103.6
nsga2,cap102,C3,46,2.558,162500.0,700008.725
nsga2,cap102,C3,46,2.558,175000.0,691648.4375
nsga2,cap102,C3,46,2.558,187500.0,685082.2875
nsga2,cap102,C3,46,2.558,200000.0,678535.4375
nsga2,cap102,C3,46,2.558,212500.0,673705.975
nsga2,cap102,C3,46,2.558,225000.0,668892.7
nsga2,cap102,C3,46,2.558,237500.0,664462.45
nsga2,cap102,C3,46,2.558,250000.0,660709.9
nsga2,cap102,C3,46,2.558,262500.0,658218.8125
nsga2,cap102,C3,46,2.558,275000.0,656001.7625
nsga2,cap102,C3,46,2.558,287500.0,653838.7875
nsga2,cap102,C3,46,2.558,300000.0,652291.15
nsga2,cap102,C3,47,2.525,0.0,1248142.9
nsga2,cap102,C3,47,2.525,12500.0,1067662.1
nsga2,cap102,C3,47,2.525,25000.0,895519.125
nsga2,cap102,C3,47,2.525,37500.0,853941.75
nsga2,cap102,C3,47,2.525,50000.0,829460.975
nsga2,cap102,C3,47,2.525,62500.0,807527.1875
nsga2,cap102,C3,47,2.525,75000.0,789008.1375
nsga2,cap102,C3,47,2.525,87500.0,771282.1125
nsga2,cap102,C3,47,2.525,100000.0,756767.0625
nsga2,cap102,C3,47,2.525,112500.0,742966.85
nsga2,cap102,C3,47,2.525,125000.0,729704.2
nsga2,cap102,C3,47,2.525,137500.0,718281.1
nsga2,cap102,C3,47,2.525,150000.0,709103.6
nsga2,cap102,C3,47,2.525,162500.0,700008.725
nsga2,cap102,C3,47,2.525,175000.0,691648.4375
nsga2,cap102,C3,47,2.525,187500.0,685082.2875
nsga2,cap102,C3,47,2.525,200000.0,678535.4375
nsga2,cap102,C3,47,2.525,212500.0,673705.975
nsga2,cap102,C3,47,2.525,225000.0,668892.7
nsga2,cap102,C3,47,2.525,237500.0,664462.45
nsga2,cap102,C3,47,2.525,250000.0,660709.9
nsga2,cap102,C3,47,2.525,262500.0,658218.8125
nsga2,cap102,C3,47,2.525,275000.0,656001.7625
nsga2,cap102,C3,47,2.525,287500.0,653838.7875
nsga2,cap102,C3,47,2.525,300000.0,652291.15
nsga2,cap102,C3,48,2.537,0.0,1248142.9
nsga2,cap102,C3,48,2.537,12500.0,1067662.1
nsga2,cap102,C3,48,2.537,25000.0,895519.125
nsga2,cap102,C3,48,2.537,37500.0,853941.75
nsga2,cap102,C3,48,2.537,50000.0,829460.975
nsga2,cap102,C3,48,2.537,62500.0,807527.1875
nsga2,cap102,C3,48,2.537,75000.0,789008.1375
nsga2,cap102,C3,48,2.537,87500.0,771282.1125
nsga2,cap102,C3,48,2.537,100000.0,756767.0625
nsga2,cap102,C3,48,2.537,112500.0,742966.85
nsga2,cap102,C3,48,2.537,125000.0,729704.2
nsga2,cap102,C3,48,2.537,137500.0,718281.1
nsga2,cap102,C3,48,2.537,150000.0,709103.6
nsga2,cap102,C3,48,2.537,162500.0,700008.725
nsga2,cap102,C3,48,2.537,175000.0,691648.4375
nsga2,cap102,C3,48,2.537,187500.0,685082.2875
nsga2,cap102,C3,48,2.537,200000.0,678535.4375
nsga2,cap102,C3,48,2.537,212500.0,673705.975
nsga2,cap102,C3,48,2.537,225000.0,668892.7
nsga2,cap102,C3,48,2.537,237500.0,664462.45
nsga2,cap102,C3,48,2.537,250000.0,660709.9
nsga2,cap102,C3,48,2.537,262500.0,658218.8125
nsga2,cap102,C3,48,2.537,275000.0,656001.7625
nsga2,cap102,C3,48,2.537,287500.0,653838.7875
nsga2,cap102,C3,48,2.537,300000.0,652291.15
nsga2,cap102,C3,49,2.516,0.0,1248142.9
nsga2,cap102,C3,49,2.516,12500.0,1067662.1
nsga2,cap102,C3,49,2.516,25000.0,895519.125
nsga2,cap102,C3,49,2.516,37500.0,853941.75
nsga2,cap102,C3,49,2.516,50000.0,829460.975
nsga2,cap102,C3,49,2.516,62500.0,807527.1875
nsga2,cap102,C3,49,2.516,75000.0,789008.1375
nsga2,cap102,C3,49,2.516,87500.0,771282.1125
nsga2,cap102,C3,49,2.516,100000.0,756767.0625
nsga2,cap102,C3,49,2.516,112500.0,742966.85
nsga2,cap102,C3,49,2.516,125000.0,729704.2
nsga2,cap102,C3,49,2.516,137500.0,718281.1
nsga2,cap102,C3,49,2.516,150000.0,709103.6
nsga2,cap102,C3,49,2.516,162500.0,700008.725
nsga2,cap102,C3,49,2.516,175000.0,691648.4375
nsga2,cap102,C3,49,2.516,187500.0,685082.2875
nsga2,cap102,C3,49,2.516,200000.0,678535.4375
nsga2,cap102,C3,49,2.516,212500.0,673705.975
nsga2,cap102,C3,49,2.516,225000.0,668892.7
nsga2,cap102,C3,49,2.516,237500.0,664462.45
nsga2,cap102,C3,49,2.516,250000.0,660709.9
nsga2,cap102,C3,49,2.516,262500.0,658218.8125
nsga2,cap102,C3,49,2.516,275000.0,656001.7625
nsga2,cap102,C3,49,2.516,287500.0,653838.7875
nsga2,cap102,C3,49,2.516,300000.0,652291.15
nsga2,cap102,C3,50,2.517,0.0,1248142.9
nsga2,cap102,C3,50,2.517,12500.0,1067662.1
nsga2,cap102,C3,50,2.517,25000.0,895519.125
nsga2,cap102,C3,50,2.517,37500.0,853941.75
nsga2,cap102,C3,50,2.517,50000.0,829460.975
nsga2,cap102,C3,50,2.517,62500.0,807527.1875
nsga2,cap102,C3,50,2.517,75000.0,789008.1375
nsga2,cap102,C3,50,2.517,87500.0,771282.1125
nsga2,cap102,C3,50,2.517,100000.0,756767.0625
nsga2,cap102,C3,50,2.517,112500.0,742966.85
nsga2,cap102,C3,50,2.517,125000.0,729704.2
nsga2,cap102,C3,50,2.517,137500.0,718281.1
nsga2,cap102,C3,50,2.517,150000.0,709103.6
nsga2,cap102,C3,50,2.517,162500.0,700008.725
nsga2,cap102,C3,50,2.517,175000.0,691648.4375
nsga2,cap102,C3,50,2.517,187500.0,685082.2875
nsga2,cap102,C3,50,2.517,200000.0,678535.4375
nsga2,cap102,C3,50,2.517,212500.0,673705.975
nsga2,cap102,C3,50,2.517,225000.0,668892.7
nsga2,cap102,C3,50,2.517,237500.0,664462.45
nsga2,cap102,C3,50,2.517,250000.0,660709.9
nsga2,cap102,C3,50,2.517,262500.0,658218.8125
nsga2,cap102,C3,50,2.517,275000.0,656001.7625
nsga2,cap102,C3,50,2.517,287500.0,653838.7875
nsga2,cap102,C3,50,2.517,300000.0,652291.15
nsga2,cap102,C3,51,2.53,0.0,1248142.9
nsga2,cap102,C3,51,2.53,12500.0,1067662.1
nsga2,cap102,C3,51,2.53,25000.0,895519.125
nsga2,cap102,C3,51,2.53,37500.0,853941.75
nsga2,cap102,C3,51,2.53,50000.0,829460.975
nsga2,cap102,C3,51,2.53,62500.0,807527.1875
nsga2,cap102,C3,51,2.53,75000.0,789008.1375
nsga2,cap102,C3,51,2.53,87500.0,771282.1125
nsga2,cap102,C3,51,2.53,100000.0,756767.0625
nsga2,cap102,C3,51,2.53,112500.0,742966.85
nsga2,cap102,C3,51,2.53,125000.0,729704.2
nsga2,cap102,C3,51,2.53,137500.0,718281.1
nsga2,cap102,C3,51,2.53,150000.0,709103.6
nsga2,cap102,C3,51,2.53,162500.0,700008.725
nsga2,cap102,C3,51,2.53,175000.0,691648.4375
nsga2,cap102,C3,51,2.53,187500.0,685082.2875
nsga2,cap102,C3,51,2.53,200000.0,678535.4375
nsga2,cap102,C3,51,2.53,212500.0,673705.975
nsga2,cap102,C3,51,2.53,225000.0,668892.7
nsga2,cap102,C3,51,2.53,237500.0,664462.45
nsga2,cap102,C3,51,2.53,250000.0,660709.9
nsga2,cap102,C3,51,2.53,262500.0,658218.8125
nsga2,cap102,C3,51,2.53,275000.0,656001.7625
nsga2,cap102,C3,51,2.53,287500.0,653838.7875
nsga2,cap102,C3,51,2.53,300000.0,652291.15
vega,cap121,C1,42,0.311,60000.0,957211.8375
vega,cap121,C1,42,0.311,67500.0,862734.5375
vega,cap121,C1,42,0.311,105000.0,782602.45
vega,cap121,C1,42,0.311,112500.0,748965.9
vega,cap121,C1,42,0.311,127500.0,745742.5375
vega,cap121,C1,42,0.311,135000.0,731038.5
vega,cap121,C1,42,0.311,142500.0,725355.125
vega,cap121,C1,42,0.311,157500.0,724161.825
vega,cap121,C1,42,0.311,165000.0,686637.5625
vega,cap121,C1,42,0.311,180000.0,672788.35
vega,cap121,C1,43,0.327,90000.0,809179.95
vega,cap121,C1,43,0.327,97500.0,744491.6375
vega,cap121,C1,43,0.327,120000.0,723852.7375
vega,cap121,C1,43,0.327,127500.0,709418.625
vega,cap121,C1,43,0.327,150000.0,696735.1125
vega,cap121,C1,43,0.327,157500.0,689583.6625
vega,cap121,C1,44,0.335,67500.0,967501.375
vega,cap121,C1,44,0.335,82500.0,848456.1
vega,cap121,C1,44,0.335,97500.0,763069.1625
vega,cap121,C1,44,0.335,105000.0,731632.55
vega,cap121,C1,44,0.335,120000.0,727470.4
vega,cap121,C1,44,0.335,127500.0,719125.525
vega,cap121,C1,44,0.335,157500.0,702169.1875
vega,cap121,C1,44,0.335,165000.0,694008.3625
vega,cap121,C1,45,0.298,67500.0,808385.7625
vega,cap121,C1,45,0.298,90000.0,771273.15
vega,cap121,C1,45,0.298,97500.0,754031.55
vega,cap121,C1,45,0.298,105000.0,728706.975
vega,cap121,C1,45,0.298,120000.0,715543.5875
vega,cap121,C1,45,0.298,142500.0,702610.75
vega,cap121,C1,46,0.298,90000.0,740666.05
vega,cap121,C1,46,0.298,97500.0,735940.675
vega,cap121,C1,46,0.298,112500.0,718875.2375
vega,cap121,C1,46,0.298,135000.0,714673.3375
vega,cap121,C1,46,0.298,142500.0,712564.25
vega,cap121,C1,47,0.271,60000.0,932903.2375
vega,cap121,C1,47,0.271,75000.0,861197.2875
vega,cap121,C1,47,0.271,82500.0,772453.25
vega,cap121,C1,47,0.271,90000.0,756277.9249999999
vega,cap121,C1,47,0.271,97500.0,738554.1375
vega,cap121,C1,47,0.271,112500.0,730882.9125
vega,cap121,C1,47,0.271,127500.0,719146.925
vega,cap121,C1,47,0.271,135000.0,704447.9625
vega,cap121,C1,47,0.271,142500.0,687516.2375
vega,cap121,C1,47,0.271,150000.0,682800.1875
vega,cap121,C1,48,0.307,60000.0,877639.7375
vega,cap121,C1,48,0.307,82500.0,812077.7875
vega,cap121,C1,48,0.307,90000.0,757708.8
vega,cap121,C1,48,0.307,97500.0,741889.7875
vega,cap121,C1,48,0.307,105000.0,722293.5875
vega,cap121,C1,48,0.307,120000.0,711202.5125
vega,cap121,C1,48,0.307,127500.0,696069.4625
vega,cap121,C1,48,0.307,150000.0,685826.9
vega,cap121,C1,48,0.307,165000.0,682472.025
vega,cap121,C1,49,0.335,90000.0,825100.1125
vega,cap121,C1,49,0.335,97500.0,735550.9875
vega,cap121,C1,49,0.335,112500.0,723802.2125
vega,cap121,C1,49,0.335,120000.0,714678.9375
vega,cap121,C1,49,0.335,127500.0,714541.4625
vega,cap121,C1,49,0.335,142500.0,701340.1375
vega,cap121,C1,49,0.335,165000.0,698906.6
vega,cap121,C1,49,0.335,172500.0,683452.975
vega,cap121,C1,50,0.323,97500.0,773613.2374999999
vega,cap121,C1,50,0.323,105000.0,764540.95
vega,cap121,C1,50,0.323,112500.0,757711.6125
vega,cap121,C1,50,0.323,120000.0,722684.275
vega,cap121,C1,50,0.323,127500.0,722319.325
vega,cap121,C1,50,0.323,135000.0,703788.3125
vega,cap121,C1,50,0.323,142500.0,703502.175
vega,cap121,C1,50,0.323,150000.0,699202.775
vega,cap121,C1,50,0.323,157500.0,698329.35
vega,cap121,C1,51,0.342,75000.0,901075.5375
vega,cap121,C1,51,0.342,82500.0,745675.125
vega,cap121,C1,51,0.342,90000.0,745307.1375
vega,cap121,C1,51,0.342,105000.0,726015.175
vega,cap121,C1,51,0.342,112500.0,724499.55
vega,cap121,C1,51,0.342,120000.0,710812.1
vega,cap121,C1,51,0.342,127500.0,703542.2625
vega,cap121,C1,51,0.342,142500.0,702849.55
vega,cap121,C1,51,0.342,157500.0,697281.325
vega,cap121,C1,51,0.342,165000.0,694976.7
nsga2,cap121,C1,42,0.357,22500.0,1083034.5
nsga2,cap121,C1,42,0.357,30000.0,885556.325
nsga2,cap121,C1,42,0.357,37500.0,841603.5
nsga2,cap121,C1,42,0.357,45000.0,800644.4375
nsga2,cap121,C1,42,0.357,52500.0,778710.65
nsga2,cap121,C1,42,0.357,60000.0,758266.075
nsga2,cap121,C1,42,0.357,67500.0,743751.025
nsga2,cap121,C1,42,0.357,75000.0,730488.375
nsga2,cap121,C1,42,0.357,82500.0,719065.275
nsga2,cap121,C1,42,0.357,90000.0,708654.0
nsga2,cap121,C1,42,0.357,97500.0,698208.95
nsga2,cap121,C1,42,0.357,105000.0,688439.5625
nsga2,cap121,C1,42,0.357,112500.0,681873.4125
nsga2,cap121,C1,42,0.357,120000.0,676861.5375
nsga2,cap121,C1,42,0.357,127500.0,672032.075
nsga2,cap121,C1,42,0.357,135000.0,667218.8
nsga2,cap121,C1,42,0.357,142500.0,663466.25
nsga2,cap121,C1,42,0.357,150000.0,660426.5625
nsga2,cap121,C1,42,0.357,157500.0,657505.6875
nsga2,cap121,C1,42,0.357,165000.0,654894.0
nsga2,cap121,C1,42,0.357,172500.0,652332.475
nsga2,cap121,C1,42,0.357,180000.0,649950.6125
nsga2,cap121,C1,42,0.357,187500.0,647641.7375
nsga2,cap121,C1,42,0.357,195000.0,645476.2625
nsga2,cap121,C1,42,0.357,202500.0,643399.375
nsga2,cap121,C1,42,0.357,210000.0,641352.225
nsga2,cap121,C1,42,0.357,217500.0,639513.15
nsga2,cap121,C1,42,0.357,225000.0,638154.1
nsga2,cap121,C1,42,0.357,232500.0,636628.0625
nsga2,cap121,C1,42,0.357,240000.0,634780.3875
nsga2,cap121,C1,42,0.357,247500.0,633580.9375
nsga2,cap121,C1,42,0.357,255000.0,632221.8875
nsga2,cap121,C1,42,0.357,262500.0,631170.6875
nsga2,cap121,C1,42,0.357,270000.0,630436.9875
nsga2,cap121,C1,42,0.357,277500.0,629622.6375
nsga2,cap121,C1,42,0.357,285000.0,628822.05
nsga2,cap121,C1,42,0.357,292500.0,628255.05
nsga2,cap121,C1,42,0.357,300000.0,627379.275
nsga2,cap121,C1,42,0.357,307500.0,626846.475
nsga2,cap121,C1,42,0.357,315000.0,626137.4
nsga2,cap121,C1,42,0.357,322500.0,625839.425
nsga2,cap121,C1,42,0.357,330000.0,625105.725
nsga2,cap121,C1,43,0.337,22500.0,1083034.5
nsga2,cap121,C1,43,0.337,30000.0,888511.45
nsga2,cap121,C1,43,0.337,37500.0,844150.75
nsga2,cap121,C1,43,0.337,45000.0,808601.725
nsga2,cap121,C1,43,0.337,52500.0,783368.1
nsga2,cap121,C1,43,0.337,60000.0,762923.525
nsga2,cap121,C1,43,0.337,67500.0,745178.15
nsga2,cap121,C1,43,0.337,75000.0,730663.1
nsga2,cap121,C1,43,0.337,82500.0,719240.0
nsga2,cap121,C1,43,0.337,90000.0,707386.45
nsga2,cap121,C1,43,0.337,97500.0,697617.0625
nsga2,cap121,C1,43,0.337,105000.0,688439.5625
nsga2,cap121,C1,43,0.337,112500.0,683626.2875
nsga2,cap121,C1,43,0.337,120000.0,677060.1375
nsga2,cap121,C1,43,0.337,127500.0,672230.675
nsga2,cap121,C1,43,0.337,135000.0,667218.8
nsga2,cap121,C1,43,0.337,142500.0,663466.25
nsga2,cap121,C1,43,0.337,150000.0,660790.225
nsga2,cap121,C1,43,0.337,157500.0,657396.4625
nsga2,cap121,C1,43,0.337,165000.0,655148.4375
nsga2,cap121,C1,43,0.337,172500.0,652475.9
nsga2,cap121,C1,43,0.337,180000.0,649984.8125
nsga2,cap121,C1,43,0.337,187500.0,647532.5125
nsga2,cap121,C1,43,0.337,195000.0,645485.3625
nsga2,cap121,C1,43,0.337,202500.0,643408.475
nsga2,cap121,C1,43,0.337,210000.0,641243.0
nsga2,cap121,C1,43,0.337,217500.0,639389.2375
nsga2,cap121,C1,43,0.337,225000.0,637859.7625
nsga2,cap121,C1,43,0.337,232500.0,636110.3875
nsga2,cap121,C1,43,0.337,240000.0,634910.9375
nsga2,cap121,C1,43,0.337,247500.0,633859.7375
nsga2,cap121,C1,43,0.337,255000.0,632500.6875
nsga2,cap121,C1,43,0.337,262500.0,631170.6875
nsga2,cap121,C1,43,0.337,270000.0,630362.9875
nsga2,cap121,C1,43,0.337,277500.0,629594.9125
nsga2,cap121,C1,43,0.337,285000.0,628794.325
nsga2,cap121,C1,43,0.337,300000.0,628005.7625
nsga2,cap121,C1,43,0.337,307500.0,627411.5375
nsga2,cap121,C1,43,0.337,315000.0,626517.8625
nsga2,cap121,C1,44,0.294,22500.0,1081240.8125
nsga2,cap121,C1,44,0.294,30000.0,880186.6749999999
nsga2,cap121,C1,44,0.294,37500.0,839443.6875
nsga2,cap121,C1,44,0.294,45000.0,800644.4375
nsga2,cap121,C1,44,0.294,52500.0,778710.65
nsga2,cap121,C1,44,0.294,60000.0,758266.075
nsga2,cap121,C1,44,0.294,67500.0,743751.025
nsga2,cap121,C1,44,0.294,75000.0,731897.475
nsga2,cap121,C1,44,0.294,82500.0,720077.1
nsga2,cap121,C1,44,0.294,90000.0,707386.45
nsga2,cap121,C1,44,0.294,97500.0,697617.0625
nsga2,cap121,C1,44,0.294,105000.0,688439.5625
nsga2,cap121,C1,44,0.294,112500.0,681873.4125
nsga2,cap121,C1,44,0.294,120000.0,676861.5375
nsga2,cap121,C1,44,0.294,127500.0,672032.075
nsga2,cap121,C1,44,0.294,135000.0,667218.8
nsga2,cap121,C1,44,0.294,142500.0,663466.25
nsga2,cap121,C1,44,0.294,150000.0,660426.5625
nsga2,cap121,C1,44,0.294,157500.0,657396.4625
nsga2,cap121,C1,44,0.294,165000.0,654784.775
nsga2,cap121,C1,44,0.294,172500.0,652293.6875
nsga2,cap121,C1,44,0.294,180000.0,649950.6125
nsga2,cap121,C1,44,0.294,187500.0,647641.7375
nsga2,cap121,C1,44,0.294,195000.0,645594.5875
nsga2,cap121,C1,44,0.294,202500.0,643292.65
nsga2,cap121,C1,44,0.294,210000.0,641236.4
nsga2,cap121,C1,44,0.294,217500.0,639189.25
nsga2,cap121,C1,44,0.294,225000.0,637474.3
nsga2,cap121,C1,44,0.294,232500.0,636115.25
nsga2,cap121,C1,44,0.294,240000.0,634785.25
nsga2,cap121,C1,44,0.294,247500.0,633983.0
nsga2,cap121,C1,44,0.294,255000.0,632837.35
nsga2,cap121,C1,44,0.294,262500.0,631507.35
nsga2,cap121,C1,44,0.294,270000.0,630754.675
nsga2,cap121,C1,44,0.294,277500.0,630072.125
nsga2,cap121,C1,44,0.294,285000.0,629275.5125
nsga2,cap121,C1,44,0.294,292500.0,628608.8875
nsga2,cap121,C1,45,0.283,22500.0,1123237.6125
nsga2,cap121,C1,45,0.283,30000.0,880402.75
nsga2,cap121,C1,45,0.283,37500.0,841229.1749999999
nsga2,cap121,C1,45,0.283,45000.0,805301.8875
nsga2,cap121,C1,45,0.283,52500.0,780199.8625
nsga2,cap121,C1,45,0.283,60000.0,758266.075
nsga2,cap121,C1,45,0.283,67500.0,743751.025
nsga2,cap121,C1,45,0.283,75000.0,730663.1
nsga2,cap121,C1,45,0.283,82500.0,717400.45
nsga2,cap121,C1,45,0.283,90000.0,705977.35
nsga2,cap121,C1,45,0.283,97500.0,696799.85
nsga2,cap121,C1,45,0.283,105000.0,688439.5625
nsga2,cap121,C1,45,0.283,112500.0,681873.4125
nsga2,cap121,C1,45,0.283,120000.0,676861.5375
nsga2,cap121,C1,45,0.283,127500.0,672032.075
nsga2,cap121,C1,45,0.283,135000.0,667218.8
nsga2,cap121,C1,45,0.283,142500.0,663466.25
nsga2,cap121,C1,45,0.283,150000.0,660426.5625
nsga2,cap121,C1,45,0.283,157500.0,657505.6875
nsga2,cap121,C1,45,0.283,165000.0,654894.0
nsga2,cap121,C1,45,0.283,172500.0,652402.9125
nsga2,cap121,C1,45,0.283,180000.0,649950.6125
nsga2,cap121,C1,45,0.283,187500.0,647787.6375
nsga2,cap121,C1,45,0.283,195000.0,645752.9125
nsga2,cap121,C1,45,0.283,202500.0,643399.375
nsga2,cap121,C1,45,0.283,210000.0,641352.225
nsga2,cap121,C1,45,0.283,217500.0,639189.25
nsga2,cap121,C1,45,0.283,225000.0,638146.0125
nsga2,cap121,C1,45,0.283,232500.0,635983.0375
nsga2,cap121,C1,45,0.283,240000.0,634653.0375
nsga2,cap121,C1,45,0.283,247500.0,633453.5875
nsga2,cap121,C1,45,0.283,255000.0,632637.6
nsga2,cap121,C1,45,0.283,262500.0,631588.0375
nsga2,cap121,C1,45,0.283,270000.0,630833.725
nsga2,cap121,C1,45,0.283,277500.0,629555.75
nsga2,cap121,C1,45,0.283,285000.0,628927.075
nsga2,cap121,C1,45,0.283,292500.0,628644.5
nsga2,cap121,C1,45,0.283,300000.0,627650.6625
nsga2,cap121,C1,45,0.283,307500.0,627362.85
nsga2,cap121,C1,45,0.283,315000.0,626128.3125
nsga2,cap121,C1,45,0.283,322500.0,625995.1
nsga2,cap121,C1,45,0.283,330000.0,625748.3375
nsga2,cap121,C1,46,0.301,22500.0,1441713.6875
nsga2,cap121,C1,46,0.301,30000.0,941686.15
nsga2,cap121,C1,46,0.301,37500.0,839443.6875
nsga2,cap121,C1,46,0.301,45000.0,800644.4375
nsga2,cap121,C1,46,0.301,52500.0,778710.65
nsga2,cap121,C1,46,0.301,60000.0,758266.075
nsga2,cap121,C1,46,0.301,67500.0,743751.025
nsga2,cap121,C1,46,0.301,75000.0,730488.375
nsga2,cap121,C1,46,0.301,82500.0,718668.0
nsga2,cap121,C1,46,0.301,90000.0,707244.9
nsga2,cap121,C1,46,0.301,97500.0,696799.85
nsga2,cap121,C1,46,0.301,105000.0,688439.5625
nsga2,cap121,C1,46,0.301,112500.0,681873.4125
nsga2,cap121,C1,46,0.301,120000.0,676861.5375
nsga2,cap121,C1,46,0.301,127500.0,672032.075
nsga2,cap121,C1,46,0.301,135000.0,667218.8
nsga2,cap121,C1,46,0.301,142500.0,663466.25
nsga2,cap121,C1,46,0.301,150000.0,660426.5625
nsga2,cap121,C1,46,0.301,157500.0,657505.6875
nsga2,cap121,C1,46,0.301,165000.0,654894.0
nsga2,cap121,C1,46,0.301,172500.0,652402.9125
nsga2,cap121,C1,46,0.301,180000.0,649950.6125
nsga2,cap121,C1,46,0.301,187500.0,647641.7375
nsga2,cap121,C1,46,0.301,195000.0,645455.625
nsga2,cap121,C1,46,0.301,202500.0,643292.65
nsga2,cap121,C1,46,0.301,210000.0,641236.4
nsga2,cap121,C1,46,0.301,217500.0,639189.25
nsga2,cap121,C1,46,0.301,225000.0,637641.6125
nsga2,cap121,C1,46,0.301,232500.0,635983.0375
nsga2,cap121,C1,46,0.301,240000.0,634751.3375
nsga2,cap121,C1,46,0.301,247500.0,633405.675
nsga2,cap121,C1,46,0.301,255000.0,632221.8875
nsga2,cap121,C1,46,0.301,262500.0,631579.75
nsga2,cap121,C1,46,0.301,270000.0,630356.3375
nsga2,cap121,C1,46,0.301,277500.0,629721.2625
nsga2,cap121,C1,46,0.301,285000.0,628780.5625
nsga2,cap121,C1,46,0.301,292500.0,627979.975
nsga2,cap121,C1,46,0.301,300000.0,627366.7
nsga2,cap121,C1,46,0.301,307500.0,626731.625
nsga2,cap121,C1,47,0.263,22500.0,1343431.0125
nsga2,cap121,C1,47,0.263,30000.0,880402.75
nsga2,cap121,C1,47,0.263,37500.0,839443.6875
nsga2,cap121,C1,47,0.263,45000.0,800644.4375
nsga2,cap121,C1,47,0.263,52500.0,780457.15
nsga2,cap121,C1,47,0.263,60000.0,758523.3625
nsga2,cap121,C1,47,0.263,67500.0,744008.3125
nsga2,cap121,C1,47,0.263,75000.0,730663.1
nsga2,cap121,C1,47,0.263,82500.0,717400.45
nsga2,cap121,C1,47,0.263,90000.0,705977.35
nsga2,cap121,C1,47,0.263,97500.0,696799.85
nsga2,cap121,C1,47,0.263,105000.0,688439.5625
nsga2,cap121,C1,47,0.263,112500.0,681873.4125
nsga2,cap121,C1,47,0.263,120000.0,676861.5375
nsga2,cap121,C1,47,0.263,127500.0,672032.075
nsga2,cap121,C1,47,0.263,135000.0,667218.8
nsga2,cap121,C1,47,0.263,142500.0,663466.25
nsga2,cap121,C1,47,0.263,150000.0,660426.5625
nsga2,cap121,C1,47,0.263,157500.0,657505.6875
nsga2,cap121,C1,47,0.263,165000.0,654894.0
nsga2,cap121,C1,47,0.263,172500.0,652402.9125
nsga2,cap121,C1,47,0.263,180000.0,649950.6125
nsga2,cap121,C1,47,0.263,187500.0,647641.7375
nsga2,cap121,C1,47,0.263,195000.0,645455.625
nsga2,cap121,C1,47,0.263,202500.0,643292.65
nsga2,cap121,C1,47,0.263,210000.0,641236.4
nsga2,cap121,C1,47,0.263,217500.0,639189.25
nsga2,cap121,C1,47,0.263,225000.0,637641.6125
nsga2,cap121,C1,47,0.263,232500.0,636311.6125
nsga2,cap121,C1,47,0.263,240000.0,635409.2375
nsga2,cap121,C1,47,0.263,247500.0,633421.3375
nsga2,cap121,C1,47,0.263,255000.0,633110.675
nsga2,cap121,C1,47,0.263,262500.0,631799.5375
nsga2,cap121,C1,47,0.263,270000.0,630389.075
nsga2,cap121,C1,47,0.263,277500.0,629801.9125
nsga2,cap121,C1,47,0.263,285000.0,629023.125
nsga2,cap121,C1,47,0.263,292500.0,628639.625
nsga2,cap121,C1,47,0.263,300000.0,627958.275
nsga2,cap121,C1,47,0.263,307500.0,627275.725
nsga2,cap121,C1,48,0.268,22500.0,1076745.75
nsga2,cap121,C1,48,0.268,30000.0,880402.75
nsga2,cap121,C1,48,0.268,37500.0,839443.6875
nsga2,cap121,C1,48,0.268,45000.0,800644.4375
nsga2,cap121,C1,48,0.268,52500.0,778710.65
nsga2,cap121,C1,48,0.268,60000.0,758266.075
nsga2,cap121,C1,48,0.268,67500.0,743751.025
nsga2,cap121,C1,48,0.268,75000.0,730488.375
nsga2,cap121,C1,48,0.268,82500.0,718668.0
nsga2,cap121,C1,48,0.268,90000.0,705977.35
nsga2,cap121,C1,48,0.268,97500.0,696799.85
nsga2,cap121,C1,48,0.268,105000.0,688439.5625
nsga2,cap121,C1,48,0.268,112500.0,681873.4125
nsga2,cap121,C1,48,0.268,120000.0,677060.1375
nsga2,cap121,C1,48,0.268,127500.0,672032.075
nsga2,cap121,C1,48,0.268,135000.0,667218.8
nsga2,cap121,C1,48,0.268,142500.0,663466.25
nsga2,cap121,C1,48,0.268,150000.0,660545.375
nsga2,cap121,C1,48,0.268,157500.0,657505.6875
nsga2,cap121,C1,48,0.268,165000.0,654784.775
nsga2,cap121,C1,48,0.268,172500.0,652293.6875
nsga2,cap121,C1,48,0.268,180000.0,650115.5375
nsga2,cap121,C1,48,0.268,187500.0,648467.1375
nsga2,cap121,C1,48,0.268,195000.0,646202.5125
nsga2,cap121,C1,48,0.268,202500.0,644016.4
nsga2,cap121,C1,48,0.268,210000.0,641960.15
nsga2,cap121,C1,48,0.268,217500.0,639913.0
nsga2,cap121,C1,48,0.268,225000.0,637859.25
nsga2,cap121,C1,48,0.268,232500.0,636012.0875
nsga2,cap121,C1,48,0.268,240000.0,634780.3875
nsga2,cap121,C1,48,0.268,247500.0,633421.3375
nsga2,cap121,C1,48,0.268,255000.0,632221.8875
nsga2,cap121,C1,48,0.268,262500.0,631367.6875
nsga2,cap121,C1,48,0.268,270000.0,630356.3375
nsga2,cap121,C1,48,0.268,277500.0,629588.2625
nsga2,cap121,C1,48,0.268,285000.0,628822.05
nsga2,cap121,C1,48,0.268,292500.0,628787.5625
nsga2,cap121,C1,49,0.26,22500.0,1046351.0375
nsga2,cap121,C1,49,0.26,30000.0,880402.75
nsga2,cap121,C1,49,0.26,37500.0,839443.6875
nsga2,cap121,C1,49,0.26,45000.0,803210.2374999999
nsga2,cap121,C1,49,0.26,52500.0,778710.65
nsga2,cap121,C1,49,0.26,60000.0,758523.3625
nsga2,cap121,C1,49,0.26,67500.0,743751.025
nsga2,cap121,C1,49,0.26,75000.0,730488.375
nsga2,cap121,C1,49,0.26,82500.0,718668.0
nsga2,cap121,C1,49,0.26,90000.0,707244.9
nsga2,cap121,C1,49,0.26,97500.0,696799.85
nsga2,cap121,C1,49,0.26,105000.0,688439.5625
nsga2,cap121,C1,49,0.26,112500.0,682648.475
nsga2,cap121,C1,49,0.26,120000.0,677636.6
nsga2,cap121,C1,49,0.26,127500.0,672807.1375
nsga2,cap121,C1,49,0.26,135000.0,667218.8
nsga2,cap121,C1,49,0.26,142500.0,663466.25
nsga2,cap121,C1,49,0.26,150000.0,660426.5625
nsga2,cap121,C1,49,0.26,157500.0,657505.6875
nsga2,cap121,C1,49,0.26,165000.0,654894.0
nsga2,cap121,C1,49,0.26,172500.0,652402.9125
nsga2,cap121,C1,49,0.26,180000.0,650115.45
nsga2,cap121,C1,49,0.26,187500.0,647952.475
nsga2,cap121,C1,49,0.26,195000.0,645478.7625
nsga2,cap121,C1,49,0.26,202500.0,643545.275
nsga2,cap121,C1,49,0.26,210000.0,641236.4
nsga2,cap121,C1,49,0.26,217500.0,639389.2375
nsga2,cap121,C1,49,0.26,225000.0,637342.0875
nsga2,cap121,C1,49,0.26,232500.0,636012.0875
nsga2,cap121,C1,49,0.26,240000.0,634653.0375
nsga2,cap121,C1,49,0.26,247500.0,633601.8375
nsga2,cap121,C1,49,0.26,255000.0,632354.475
nsga2,cap121,C1,49,0.26,262500.0,631540.125
nsga2,cap121,C1,49,0.26,270000.0,630732.425
nsga2,cap121,C1,49,0.26,277500.0,629964.35
nsga2,cap121,C1,49,0.26,285000.0,629666.375
nsga2,cap121,C1,49,0.26,292500.0,628913.7
nsga2,cap121,C1,49,0.26,300000.0,628363.8125
nsga2,cap121,C1,49,0.26,307500.0,628065.8375
nsga2,cap121,C1,49,0.26,315000.0,627852.075
nsga2,cap121,C1,49,0.26,322500.0,626620.375
nsga2,cap121,C1,50,0.259,22500.0,1115347.5125
nsga2,cap121,C1,50,0.259,30000.0,882653.025
nsga2,cap121,C1,50,0.259,37500.0,844227.1375
nsga2,cap121,C1,50,0.259,45000.0,807689.65
nsga2,cap121,C1,50,0.259,52500.0,785933.9
nsga2,cap121,C1,50,0.259,60000.0,766024.325
nsga2,cap121,C1,50,0.259,67500.0,748278.95
nsga2,cap121,C1,50,0.259,75000.0,731269.8625
nsga2,cap121,C1,50,0.259,82500.0,718056.7125
nsga2,cap121,C1,50,0.259,90000.0,706633.6125
nsga2,cap121,C1,50,0.259,97500.0,697456.1125
nsga2,cap121,C1,50,0.259,105000.0,689159.35
nsga2,cap121,C1,50,0.259,112500.0,681873.4125
nsga2,cap121,C1,50,0.259,120000.0,676861.5375
nsga2,cap121,C1,50,0.259,127500.0,672032.075
nsga2,cap121,C1,50,0.259,135000.0,667218.8
nsga2,cap121,C1,50,0.259,142500.0,663466.25
nsga2,cap121,C1,50,0.259,150000.0,660426.5625
nsga2,cap121,C1,50,0.259,157500.0,657505.6875
nsga2,cap121,C1,50,0.259,165000.0,654894.0
nsga2,cap121,C1,50,0.259,172500.0,652402.9125
nsga2,cap121,C1,50,0.259,180000.0,649950.6125
nsga2,cap121,C1,50,0.259,187500.0,647641.7375
nsga2,cap121,C1,50,0.259,195000.0,645455.625
nsga2,cap121,C1,50,0.259,202500.0,643292.65
nsga2,cap121,C1,50,0.259,210000.0,641236.4
nsga2,cap121,C1,50,0.259,217500.0,639189.25
nsga2,cap121,C1,50,0.259,225000.0,637342.0875
nsga2,cap121,C1,50,0.259,232500.0,635983.0375
nsga2,cap121,C1,50,0.259,240000.0,634653.0375
nsga2,cap121,C1,50,0.259,247500.0,633405.675
nsga2,cap121,C1,50,0.259,255000.0,632354.475
nsga2,cap121,C1,50,0.259,262500.0,631359.625
nsga2,cap121,C1,50,0.259,270000.0,630308.425
nsga2,cap121,C1,50,0.259,277500.0,629588.2625
nsga2,cap121,C1,50,0.259,285000.0,628822.05
nsga2,cap121,C1,50,0.259,292500.0,628053.975
nsga2,cap121,C1,50,0.259,300000.0,627418.9
nsga2,cap121,C1,50,0.259,307500.0,627205.1375
nsga2,cap121,C1,51,0.259,22500.0,1111273.2875
nsga2,cap121,C1,51,0.259,30000.0,880402.75
nsga2,cap121,C1,51,0.259,37500.0,839443.6875
nsga2,cap121,C1,51,0.259,45000.0,800644.4375
nsga2,cap121,C1,51,0.259,52500.0,778710.65
nsga2,cap121,C1,51,0.259,60000.0,758266.075
nsga2,cap121,C1,51,0.259,67500.0,743751.025
nsga2,cap121,C1,51,0.259,75000.0,730663.1
nsga2,cap121,C1,51,0.259,82500.0,718809.55
nsga2,cap121,C1,51,0.259,90000.0,707386.45
nsga2,cap121,C1,51,0.259,97500.0,697617.0625
nsga2,cap121,C1,51,0.259,105000.0,688439.5625
nsga2,cap121,C1,51,0.259,112500.0,681873.4125
nsga2,cap121,C1,51,0.259,120000.0,676861.5375
nsga2,cap121,C1,51,0.259,127500.0,672032.075
nsga2,cap121,C1,51,0.259,135000.0,667218.8
nsga2,cap121,C1,51,0.259,142500.0,663466.25
nsga2,cap121,C1,51,0.259,150000.0,660426.5625
nsga2,cap121,C1,51,0.259,157500.0,657505.6875
nsga2,cap121,C1,51,0.259,165000.0,655014.6
nsga2,cap121,C1,51,0.259,172500.0,652585.125
nsga2,cap121,C1,51,0.259,180000.0,650094.0375
nsga2,cap121,C1,51,0.259,187500.0,647903.4625
nsga2,cap121,C1,51,0.259,195000.0,645717.35
nsga2,cap121,C1,51,0.259,202500.0,643399.375
nsga2,cap121,C1,51,0.259,210000.0,641245.5
nsga2,cap121,C1,51,0.259,217500.0,639189.25
nsga2,cap121,C1,51,0.259,225000.0,637342.0875
nsga2,cap121,C1,51,0.259,232500.0,636012.0875
nsga2,cap121,C1,51,0.259,240000.0,635609.8
nsga2,cap121,C1,51,0.259,247500.0,633580.9375
nsga2,cap121,C1,51,0.259,255000.0,632780.35
nsga2,cap121,C1,51,0.259,262500.0,631421.3
nsga2,cap121,C1,51,0.259,270000.0,630653.225
nsga2,cap121,C1,51,0.259,277500.0,629602.025
nsga2,cap121,C1,51,0.259,285000.0,628988.75
nsga2,cap121,C1,51,0.259,292500.0,628159.25
nsga2,cap121,C1,51,0.259,300000.0,627782.825
nsga2,cap121,C1,51,0.259,307500.0,627574.1
nsga2,cap121,C1,51,0.259,315000.0,626522.9
nsga2,cap121,C1,51,0.259,322500.0,626440.9
vega,cap121,C2,42,0.88,60000.0,935393.7625
vega,cap121,C2,42,0.88,67500.0,784148.2
vega,cap121,C2,42,0.88,75000.0,766535.1124999999
vega,cap121,C2,42,0.88,82500.0,755536.2875
vega,cap121,C2,42,0.88,97500.0,726963.6875
vega,cap121,C2,42,0.88,105000.0,723838.025
vega,cap121,C2,42,0.88,120000.0,713422.4
vega,cap121,C2,42,0.88,127500.0,703272.85
vega,cap121,C2,42,0.88,142500.0,690842.2
vega,cap121,C2,43,0.974,82500.0,876744.575
vega,cap121,C2,43,0.974,90000.0,835291.1625
vega,cap121,C2,43,0.974,97500.0,768505.6625
vega,cap121,C2,43,0.974,105000.0,742066.225
vega,cap121,C2,43,0.974,120000.0,730750.1
vega,cap121,C2,43,0.974,127500.0,721655.5
vega,cap121,C2,43,0.974,135000.0,715305.0625
vega,cap121,C2,43,0.974,150000.0,697164.8
vega,cap121,C2,43,0.974,172500.0,689550.875
vega,cap121,C2,43,0.974,180000.0,684988.625
vega,cap121,C2,44,0.833,90000.0,810834.4625
vega,cap121,C2,44,0.833,105000.0,780678.4625
vega,cap121,C2,44,0.833,112500.0,757819.0125
vega,cap121,C2,44,0.833,120000.0,713020.9625
vega,cap121,C2,44,0.833,142500.0,692887.1625
vega,cap121,C2,44,0.833,157500.0,680648.275
vega,cap121,C2,44,0.833,195000.0,679095.925
vega,cap121,C2,45,1.16,67500.0,861021.4625
vega,cap121,C2,45,1.16,82500.0,760043.175
vega,cap121,C2,45,1.16,97500.0,744125.9625
vega,cap121,C2,45,1.16,105000.0,742769.6625
vega,cap121,C2,45,1.16,112500.0,726159.6125
vega,cap121,C2,45,1.16,120000.0,712269.5375
vega,cap121,C2,45,1.16,142500.0,711258.8375
vega,cap121,C2,45,1.16,150000.0,698711.175
vega,cap121,C2,46,1.022,37500.0,1001793.4125
vega,cap121,C2,46,1.022,60000.0,847293.7625
vega,cap121,C2,46,1.022,67500.0,803353.5625
vega,cap121,C2,46,1.022,75000.0,781889.95
vega,cap121,C2,46,1.022,82500.0,754228.775
vega,cap121,C2,46,1.022,90000.0,739907.1375
vega,cap121,C2,46,1.022,97500.0,738085.45
vega,cap121,C2,46,1.022,112500.0,715470.4125
vega,cap121,C2,46,1.022,127500.0,713792.8875
vega,cap121,C2,46,1.022,150000.0,689371.5625
vega,cap121,C2,47,1.002,67500.0,809757.5
vega,cap121,C2,47,1.002,97500.0,787816.325
vega,cap121,C2,47,1.002,105000.0,755528.225
vega,cap121,C2,47,1.002,112500.0,737138.025
vega,cap121,C2,47,1.002,120000.0,713301.2875
vega,cap121,C2,47,1.002,135000.0,705661.6
vega,cap121,C2,47,1.002,142500.0,701257.8
vega,cap121,C2,47,1.002,150000.0,698335.0875
vega,cap121,C2,47,1.002,157500.0,694599.3625
vega,cap121,C2,48,0.99,60000.0,856833.4249999999
vega,cap121,C2,48,0.99,67500.0,813391.9249999999
vega,cap121,C2,48,0.99,75000.0,791565.8
vega,cap121,C2,48,0.99,82500.0,761106.5
vega,cap121,C2,48,0.99,97500.0,748797.95
vega,cap121,C2,48,0.99,105000.0,738409.9125
vega,cap121,C2,48,0.99,112500.0,713064.0
vega,cap121,C2,49,0.965,52500.0,1198617.1625
vega,cap121,C2,49,0.965,60000.0,1135917.55
vega,cap121,C2,49,0.965,67500.0,813618.1375
vega,cap121,C2,49,0.965,82500.0,768864.6875
vega,cap121,C2,49,0.965,105000.0,750685.925
vega,cap121,C2,49,0.965,120000.0,710338.9875
vega,cap121,C2,49,0.965,127500.0,697892.1625
vega,cap121,C2,49,0.965,150000.0,693848.4
vega,cap121,C2,50,1.071,75000.0,861044.075
vega,cap121,C2,50,1.071,82500.0,781091.725
vega,cap121,C2,50,1.071,90000.0,750530.125
vega,cap121,C2,50,1.071,97500.0,747616.8375
vega,cap121,C2,50,1.071,105000.0,733477.75
vega,cap121,C2,50,1.071,120000.0,714631.4
vega,cap121,C2,50,1.071,135000.0,711387.4875
vega,cap121,C2,50,1.071,150000.0,705114.975
vega,cap121,C2,50,1.071,157500.0,702520.6375
vega,cap121,C2,50,1.071,180000.0,687809.975
vega,cap121,C2,51,1.026,75000.0,807602.2875
vega,cap121,C2,51,1.026,90000.0,798064.0875
vega,cap121,C2,51,1.026,97500.0,751686.5375
vega,cap121,C2,51,1.026,105000.0,751210.025
vega,cap121,C2,51,1.026,112500.0,716333.275
vega,cap121,C2,51,1.026,127500.0,704394.2875
vega,cap121,C2,51,1.026,142500.0,697108.1375
vega,cap121,C2,51,1.026,157500.0,689741.5625
nsga2,cap121,C2,42,1.074,22500.0,1117495.4875
nsga2,cap121,C2,42,1.074,30000.0,880402.75
nsga2,cap121,C2,42,1.074,37500.0,839443.6875
nsga2,cap121,C2,42,1.074,45000.0,800644.4375
nsga2,cap121,C2,42,1.074,52500.0,778710.65
nsga2,cap121,C2,42,1.074,60000.0,758266.075
nsga2,cap121,C2,42,1.074,67500.0,743751.025
nsga2,cap121,C2,42,1.074,75000.0,730488.375
nsga2,cap121,C2,42,1.074,82500.0,717400.45
nsga2,cap121,C2,42,1.074,90000.0,705977.35
nsga2,cap121,C2,42,1.074,97500.0,696799.85
nsga2,cap121,C2,42,1.074,105000.0,688439.5625
nsga2,cap121,C2,42,1.074,112500.0,681873.4125
nsga2,cap121,C2,42,1.074,120000.0,676861.5375
nsga2,cap121,C2,42,1.074,127500.0,672032.075
nsga2,cap121,C2,42,1.074,135000.0,667218.8
nsga2,cap121,C2,42,1.074,142500.0,663466.25
nsga2,cap121,C2,42,1.074,150000.0,660426.5625
nsga2,cap121,C2,42,1.074,157500.0,657396.4625
nsga2,cap121,C2,42,1.074,165000.0,654784.775
nsga2,cap121,C2,42,1.074,172500.0,652293.6875
nsga2,cap121,C2,42,1.074,180000.0,649841.3875
nsga2,cap121,C2,42,1.074,187500.0,647532.5125
nsga2,cap121,C2,42,1.074,195000.0,645346.4
nsga2,cap121,C2,42,1.074,202500.0,643290.15
nsga2,cap121,C2,42,1.074,210000.0,641236.4
nsga2,cap121,C2,42,1.074,217500.0,639189.25
nsga2,cap121,C2,42,1.074,225000.0,637342.0875
nsga2,cap121,C2,42,1.074,232500.0,635983.0375
nsga2,cap121,C2,42,1.074,240000.0,634653.0375
nsga2,cap121,C2,42,1.074,247500.0,633405.675
nsga2,cap121,C2,42,1.074,255000.0,632173.975
nsga2,cap121,C2,42,1.074,262500.0,631122.775
nsga2,cap121,C2,42,1.074,270000.0,630308.425
nsga2,cap121,C2,42,1.074,277500.0,629500.725
nsga2,cap121,C2,42,1.074,285000.0,628732.65
nsga2,cap121,C2,42,1.074,292500.0,627979.975
nsga2,cap121,C2,42,1.074,300000.0,627344.9
nsga2,cap121,C2,42,1.074,307500.0,626731.625
nsga2,cap121,C2,42,1.074,315000.0,626433.65
nsga2,cap121,C2,42,1.074,322500.0,625719.0
nsga2,cap121,C2,42,1.074,330000.0,625625.6625
nsga2,cap121,C2,42,1.074,337500.0,625525.8375
nsga2,cap121,C2,43,1.021,22500.0,1115057.6625
nsga2,cap121,C2,43,1.021,30000.0,880186.6749999999
nsga2,cap121,C2,43,1.021,37500.0,839443.6875
nsga2,cap121,C2,43,1.021,45000.0,800644.4375
nsga2,cap121,C2,43,1.021,52500.0,778710.65
nsga2,cap121,C2,43,1.021,60000.0,758266.075
nsga2,cap121,C2,43,1.021,67500.0,743751.025
nsga2,cap121,C2,43,1.021,75000.0,730663.1
nsga2,cap121,C2,43,1.021,82500.0,717400.45
nsga2,cap121,C2,43,1.021,90000.0,705977.35
nsga2,cap121,C2,43,1.021,97500.0,696799.85
nsga2,cap121,C2,43,1.021,105000.0,688439.5625
nsga2,cap121,C2,43,1.021,112500.0,681873.4125
nsga2,cap121,C2,43,1.021,120000.0,676861.5375
nsga2,cap121,C2,43,1.021,127500.0,672032.075
nsga2,cap121,C2,43,1.021,135000.0,667218.8
nsga2,cap121,C2,43,1.021,142500.0,663466.25
nsga2,cap121,C2,43,1.021,150000.0,660426.5625
nsga2,cap121,C2,43,1.021,157500.0,657505.6875
nsga2,cap121,C2,43,1.021,165000.0,654894.0
nsga2,cap121,C2,43,1.021,172500.0,652402.9125
nsga2,cap121,C2,43,1.021,180000.0,649950.6125
nsga2,cap121,C2,43,1.021,187500.0,647641.7375
nsga2,cap121,C2,43,1.021,195000.0,645455.625
nsga2,cap121,C2,43,1.021,202500.0,643292.65
nsga2,cap121,C2,43,1.021,210000.0,641236.4
nsga2,cap121,C2,43,1.021,217500.0,639189.25
nsga2,cap121,C2,43,1.021,225000.0,637342.0875
nsga2,cap121,C2,43,1.021,232500.0,635983.0375
nsga2,cap121,C2,43,1.021,240000.0,634653.0375
nsga2,cap121,C2,43,1.021,247500.0,633405.675
nsga2,cap121,C2,43,1.021,255000.0,632173.975
nsga2,cap121,C2,43,1.021,262500.0,631122.775
nsga2,cap121,C2,43,1.021,270000.0,630308.425
nsga2,cap121,C2,43,1.021,277500.0,629500.725
nsga2,cap121,C2,43,1.021,285000.0,628732.65
nsga2,cap121,C2,43,1.021,292500.0,627979.975
nsga2,cap121,C2,43,1.021,300000.0,627246.275
nsga2,cap121,C2,43,1.021,307500.0,626611.2
nsga2,cap121,C2,43,1.021,315000.0,625997.925
nsga2,cap121,C2,43,1.021,322500.0,625403.7
nsga2,cap121,C2,43,1.021,330000.0,624879.9625
nsga2,cap121,C2,43,1.021,337500.0,624581.9875
nsga2,cap121,C2,43,1.021,345000.0,624499.9875
nsga2,cap121,C2,44,0.906,22500.0,1093148.4125
nsga2,cap121,C2,44,0.906,30000.0,880402.75
nsga2,cap121,C2,44,0.906,37500.0,839443.6875
nsga2,cap121,C2,44,0.906,45000.0,800644.4375
nsga2,cap121,C2,44,0.906,52500.0,778710.65
nsga2,cap121,C2,44,0.906,60000.0,758266.075
nsga2,cap121,C2,44,0.906,67500.0,743751.025
nsga2,cap121,C2,44,0.906,75000.0,730488.375
nsga2,cap121,C2,44,0.906,82500.0,717400.45
nsga2,cap121,C2,44,0.906,90000.0,705977.35
nsga2,cap121,C2,44,0.906,97500.0,696799.85
nsga2,cap121,C2,44,0.906,105000.0,688439.5625
nsga2,cap121,C2,44,0.906,112500.0,681873.4125
nsga2,cap121,C2,44,0.906,120000.0,676861.5375
nsga2,cap121,C2,44,0.906,127500.0,672032.075
nsga2,cap121,C2,44,0.906,135000.0,667218.8
nsga2,cap121,C2,44,0.906,142500.0,663466.25
nsga2,cap121,C2,44,0.906,150000.0,660426.5625
nsga2,cap121,C2,44,0.906,157500.0,657505.6875
nsga2,cap121,C2,44,0.906,165000.0,654894.0
nsga2,cap121,C2,44,0.906,172500.0,652402.9125
nsga2,cap121,C2,44,0.906,180000.0,649950.6125
nsga2,cap121,C2,44,0.906,187500.0,647641.7375
nsga2,cap121,C2,44,0.906,195000.0,645455.625
nsga2,cap121,C2,44,0.906,202500.0,643292.65
nsga2,cap121,C2,44,0.906,210000.0,641236.4
nsga2,cap121,C2,44,0.906,217500.0,639189.25
nsga2,cap121,C2,44,0.906,225000.0,637342.0875
nsga2,cap121,C2,44,0.906,232500.0,635983.0375
nsga2,cap121,C2,44,0.906,240000.0,634653.0375
nsga2,cap121,C2,44,0.906,247500.0,633405.675
nsga2,cap121,C2,44,0.906,255000.0,632173.975
nsga2,cap121,C2,44,0.906,262500.0,631122.775
nsga2,cap121,C2,44,0.906,270000.0,630308.425
nsga2,cap121,C2,44,0.906,277500.0,629500.725
nsga2,cap121,C2,44,0.906,285000.0,628732.65
nsga2,cap121,C2,44,0.906,292500.0,627979.975
nsga2,cap121,C2,44,0.906,300000.0,627246.275
nsga2,cap121,C2,44,0.906,307500.0,626611.2
nsga2,cap121,C2,44,0.906,315000.0,625997.925
nsga2,cap121,C2,44,0.906,322500.0,625474.1875
nsga2,cap121,C2,44,0.906,330000.0,624879.9625
nsga2,cap121,C2,44,0.906,337500.0,624797.9625
nsga2,cap121,C2,45,0.904,22500.0,1111173.9625
nsga2,cap121,C2,45,0.904,30000.0,880186.6749999999
nsga2,cap121,C2,45,0.904,37500.0,839443.6875
nsga2,cap121,C2,45,0.904,45000.0,800644.4375
nsga2,cap121,C2,45,0.904,52500.0,778710.65
nsga2,cap121,C2,45,0.904,60000.0,758266.075
nsga2,cap121,C2,45,0.904,67500.0,743751.025
nsga2,cap121,C2,45,0.904,75000.0,730488.375
nsga2,cap121,C2,45,0.904,82500.0,717400.45
nsga2,cap121,C2,45,0.904,90000.0,705977.35
nsga2,cap121,C2,45,0.904,97500.0,696799.85
nsga2,cap121,C2,45,0.904,105000.0,688439.5625
nsga2,cap121,C2,45,0.904,112500.0,681873.4125
nsga2,cap121,C2,45,0.904,120000.0,676861.5375
nsga2,cap121,C2,45,0.904,127500.0,672032.075
nsga2,cap121,C2,45,0.904,135000.0,667218.8
nsga2,cap121,C2,45,0.904,142500.0,663466.25
nsga2,cap121,C2,45,0.904,150000.0,660426.5625
nsga2,cap121,C2,45,0.904,157500.0,657505.6875
nsga2,cap121,C2,45,0.904,165000.0,654894.0
nsga2,cap121,C2,45,0.904,172500.0,652402.9125
nsga2,cap121,C2,45,0.904,180000.0,649950.6125
nsga2,cap121,C2,45,0.904,187500.0,647641.7375
nsga2,cap121,C2,45,0.904,195000.0,645455.625
nsga2,cap121,C2,45,0.904,202500.0,643292.65
nsga2,cap121,C2,45,0.904,210000.0,641236.4
nsga2,cap121,C2,45,0.904,217500.0,639189.25
nsga2,cap121,C2,45,0.904,225000.0,637342.0875
nsga2,cap121,C2,45,0.904,232500.0,635983.0375
nsga2,cap121,C2,45,0.904,240000.0,634653.0375
nsga2,cap121,C2,45,0.904,247500.0,633405.675
nsga2,cap121,C2,45,0.904,255000.0,632173.975
nsga2,cap121,C2,45,0.904,262500.0,631122.775
nsga2,cap121,C2,45,0.904,270000.0,630308.425
nsga2,cap121,C2,45,0.904,277500.0,629500.725
nsga2,cap121,C2,45,0.904,285000.0,628732.65
nsga2,cap121,C2,45,0.904,292500.0,627979.975
nsga2,cap121,C2,45,0.904,300000.0,627246.275
nsga2,cap121,C2,45,0.904,307500.0,626611.2
nsga2,cap121,C2,45,0.904,315000.0,625997.925
nsga2,cap121,C2,45,0.904,322500.0,625493.2375
nsga2,cap121,C2,45,0.904,330000.0,625303.875
nsga2,cap121,C2,45,0.904,337500.0,624754.1875
nsga2,cap121,C2,45,0.904,345000.0,624467.0375
nsga2,cap121,C2,46,0.894,22500.0,1103619.9625
nsga2,cap121,C2,46,0.894,30000.0,880402.75
nsga2,cap121,C2,46,0.894,37500.0,839443.6875
nsga2,cap121,C2,46,0.894,45000.0,800644.4375
nsga2,cap121,C2,46,0.894,52500.0,778710.65
nsga2,cap121,C2,46,0.894,60000.0,758266.075
nsga2,cap121,C2,46,0.894,67500.0,743751.025
nsga2,cap121,C2,46,0.894,75000.0,730488.375
nsga2,cap121,C2,46,0.894,82500.0,718668.0
nsga2,cap121,C2,46,0.894,90000.0,706633.6125
nsga2,cap121,C2,46,0.894,97500.0,696799.85
nsga2,cap121,C2,46,0.894,105000.0,688439.5625
nsga2,cap121,C2,46,0.894,112500.0,681873.4125
nsga2,cap121,C2,46,0.894,120000.0,676861.5375
nsga2,cap121,C2,46,0.894,127500.0,672032.075
nsga2,cap121,C2,46,0.894,135000.0,667218.8
nsga2,cap121,C2,46,0.894,142500.0,663466.25
nsga2,cap121,C2,46,0.894,150000.0,660426.5625
nsga2,cap121,C2,46,0.894,157500.0,657505.6875
nsga2,cap121,C2,46,0.894,165000.0,654894.0
nsga2,cap121,C2,46,0.894,172500.0,652402.9125
nsga2,cap121,C2,46,0.894,180000.0,649950.6125
nsga2,cap121,C2,46,0.894,187500.0,647641.7375
nsga2,cap121,C2,46,0.894,195000.0,645455.625
nsga2,cap121,C2,46,0.894,202500.0,643292.65
nsga2,cap121,C2,46,0.894,210000.0,641236.4
nsga2,cap121,C2,46,0.894,217500.0,639189.25
nsga2,cap121,C2,46,0.894,225000.0,637342.0875
nsga2,cap121,C2,46,0.894,232500.0,635983.0375
nsga2,cap121,C2,46,0.894,240000.0,634653.0375
nsga2,cap121,C2,46,0.894,247500.0,633421.3375
nsga2,cap121,C2,46,0.894,255000.0,632173.975
nsga2,cap121,C2,46,0.894,262500.0,631122.775
nsga2,cap121,C2,46,0.894,270000.0,630308.425
nsga2,cap121,C2,46,0.894,277500.0,629500.725
nsga2,cap121,C2,46,0.894,285000.0,628732.65
nsga2,cap121,C2,46,0.894,292500.0,627979.975
nsga2,cap121,C2,46,0.894,300000.0,627246.275
nsga2,cap121,C2,46,0.894,307500.0,626611.2
nsga2,cap121,C2,46,0.894,315000.0,625997.925
nsga2,cap121,C2,46,0.894,322500.0,625740.8
nsga2,cap121,C2,46,0.894,330000.0,625189.9375
nsga2,cap121,C2,46,0.894,337500.0,625117.2375
nsga2,cap121,C2,46,0.894,345000.0,624368.225
nsga2,cap121,C2,47,0.873,22500.0,1103136.875
nsga2,cap121,C2,47,0.873,30000.0,880402.75
nsga2,cap121,C2,47,0.873,37500.0,839443.6875
nsga2,cap121,C2,47,0.873,45000.0,800644.4375
nsga2,cap121,C2,47,0.873,52500.0,778710.65
nsga2,cap121,C2,47,0.873,60000.0,758266.075
nsga2,cap121,C2,47,0.873,67500.0,743751.025
nsga2,cap121,C2,47,0.873,75000.0,730488.375
nsga2,cap121,C2,47,0.873,82500.0,717400.45
nsga2,cap121,C2,47,0.873,90000.0,705977.35
nsga2,cap121,C2,47,0.873,97500.0,696799.85
nsga2,cap121,C2,47,0.873,105000.0,688439.5625
nsga2,cap121,C2,47,0.873,112500.0,681873.4125
nsga2,cap121,C2,47,0.873,120000.0,676861.5375
nsga2,cap121,C2,47,0.873,127500.0,672032.075
nsga2,cap121,C2,47,0.873,135000.0,667218.8
nsga2,cap121,C2,47,0.873,142500.0,663466.25
nsga2,cap121,C2,47,0.873,150000.0,660426.5625
nsga2,cap121,C2,47,0.873,157500.0,657505.6875
nsga2,cap121,C2,47,0.873,165000.0,654894.0
nsga2,cap121,C2,47,0.873,172500.0,652402.9125
nsga2,cap121,C2,47,0.873,180000.0,649950.6125
nsga2,cap121,C2,47,0.873,187500.0,647641.7375
nsga2,cap121,C2,47,0.873,195000.0,645455.625
nsga2,cap121,C2,47,0.873,202500.0,643292.65
nsga2,cap121,C2,47,0.873,210000.0,641236.4
nsga2,cap121,C2,47,0.873,217500.0,639189.25
nsga2,cap121,C2,47,0.873,225000.0,637342.0875
nsga2,cap121,C2,47,0.873,232500.0,635983.0375
nsga2,cap121,C2,47,0.873,240000.0,634653.0375
nsga2,cap121,C2,47,0.873,247500.0,633405.675
nsga2,cap121,C2,47,0.873,255000.0,632173.975
nsga2,cap121,C2,47,0.873,262500.0,631122.775
nsga2,cap121,C2,47,0.873,270000.0,630308.425
nsga2,cap121,C2,47,0.873,277500.0,629500.725
nsga2,cap121,C2,47,0.873,285000.0,628732.65
nsga2,cap121,C2,47,0.873,292500.0,627979.975
nsga2,cap121,C2,47,0.873,300000.0,627246.275
nsga2,cap121,C2,47,0.873,307500.0,626611.2
nsga2,cap121,C2,47,0.873,315000.0,625997.925
nsga2,cap121,C2,47,0.873,322500.0,625403.7
nsga2,cap121,C2,47,0.873,330000.0,624879.9625
nsga2,cap121,C2,47,0.873,337500.0,624581.9875
nsga2,cap121,C2,47,0.873,345000.0,624368.225
nsga2,cap121,C2,47,0.873,352500.0,624253.275
nsga2,cap121,C2,47,0.873,360000.0,624153.45
nsga2,cap121,C2,47,0.873,367500.0,624071.45
nsga2,cap121,C2,48,0.916,22500.0,1072463.2625
nsga2,cap121,C2,48,0.916,30000.0,880402.75
nsga2,cap121,C2,48,0.916,37500.0,839443.6875
nsga2,cap121,C2,48,0.916,45000.0,800644.4375
nsga2,cap121,C2,48,0.916,52500.0,778710.65
nsga2,cap121,C2,48,0.916,60000.0,758266.075
nsga2,cap121,C2,48,0.916,67500.0,743751.025
nsga2,cap121,C2,48,0.916,75000.0,730488.375
nsga2,cap121,C2,48,0.916,82500.0,717400.45
nsga2,cap121,C2,48,0.916,90000.0,705977.35
nsga2,cap121,C2,48,0.916,97500.0,696799.85
nsga2,cap121,C2,48,0.916,105000.0,688439.5625
nsga2,cap121,C2,48,0.916,112500.0,681873.4125
nsga2,cap121,C2,48,0.916,120000.0,676861.5375
nsga2,cap121,C2,48,0.916,127500.0,672032.075
nsga2,cap121,C2,48,0.916,135000.0,667218.8
nsga2,cap121,C2,48,0.916,142500.0,663466.25
nsga2,cap121,C2,48,0.916,150000.0,660426.5625
nsga2,cap121,C2,48,0.916,157500.0,657505.6875
nsga2,cap121,C2,48,0.916,165000.0,654894.0
nsga2,cap121,C2,48,0.916,172500.0,652402.9125
nsga2,cap121,C2,48,0.916,180000.0,649950.6125
nsga2,cap121,C2,48,0.916,187500.0,647641.7375
nsga2,cap121,C2,48,0.916,195000.0,645455.625
nsga2,cap121,C2,48,0.916,202500.0,643292.65
nsga2,cap121,C2,48,0.916,210000.0,641236.4
nsga2,cap121,C2,48,0.916,217500.0,639189.25
nsga2,cap121,C2,48,0.916,225000.0,637342.0875
nsga2,cap121,C2,48,0.916,232500.0,635983.0375
nsga2,cap121,C2,48,0.916,240000.0,634653.0375
nsga2,cap121,C2,48,0.916,247500.0,633405.675
nsga2,cap121,C2,48,0.916,255000.0,632173.975
nsga2,cap121,C2,48,0.916,262500.0,631122.775
nsga2,cap121,C2,48,0.916,270000.0,630308.425
nsga2,cap121,C2,48,0.916,277500.0,629500.725
nsga2,cap121,C2,48,0.916,285000.0,628732.65
nsga2,cap121,C2,48,0.916,292500.0,627979.975
nsga2,cap121,C2,48,0.916,300000.0,627246.275
nsga2,cap121,C2,48,0.916,307500.0,626611.2
nsga2,cap121,C2,48,0.916,315000.0,625997.925
nsga2,cap121,C2,48,0.916,322500.0,625403.7
nsga2,cap121,C2,48,0.916,330000.0,625176.2125
nsga2,cap121,C2,48,0.916,337500.0,624581.9875
nsga2,cap121,C2,48,0.916,345000.0,624482.1625
nsga2,cap121,C2,49,0.893,22500.0,1076745.75
nsga2,cap121,C2,49,0.893,30000.0,880186.6749999999
nsga2,cap121,C2,49,0.893,37500.0,839443.6875
nsga2,cap121,C2,49,0.893,45000.0,800644.4375
nsga2,cap121,C2,49,0.893,52500.0,778710.65
nsga2,cap121,C2,49,0.893,60000.0,758266.075
nsga2,cap121,C2,49,0.893,67500.0,743751.025
nsga2,cap121,C2,49,0.893,75000.0,730488.375
nsga2,cap121,C2,49,0.893,82500.0,718668.0
nsga2,cap121,C2,49,0.893,90000.0,707244.9
nsga2,cap121,C2,49,0.893,97500.0,696799.85
nsga2,cap121,C2,49,0.893,105000.0,688439.5625
nsga2,cap121,C2,49,0.893,112500.0,681873.4125
nsga2,cap121,C2,49,0.893,120000.0,676861.5375
nsga2,cap121,C2,49,0.893,127500.0,672032.075
nsga2,cap121,C2,49,0.893,135000.0,667218.8
nsga2,cap121,C2,49,0.893,142500.0,663466.25
nsga2,cap121,C2,49,0.893,150000.0,660426.5625
nsga2,cap121,C2,49,0.893,157500.0,657396.4625
nsga2,cap121,C2,49,0.893,165000.0,654784.775
nsga2,cap121,C2,49,0.893,172500.0,652293.6875
nsga2,cap121,C2,49,0.893,180000.0,649841.3875
nsga2,cap121,C2,49,0.893,187500.0,647532.5125
nsga2,cap121,C2,49,0.893,195000.0,645346.4
nsga2,cap121,C2,49,0.893,202500.0,643290.15
nsga2,cap121,C2,49,0.893,210000.0,641236.4
nsga2,cap121,C2,49,0.893,217500.0,639189.25
nsga2,cap121,C2,49,0.893,225000.0,637342.0875
nsga2,cap121,C2,49,0.893,232500.0,635983.0375
nsga2,cap121,C2,49,0.893,240000.0,634653.0375
nsga2,cap121,C2,49,0.893,247500.0,633405.675
nsga2,cap121,C2,49,0.893,255000.0,632173.975
nsga2,cap121,C2,49,0.893,262500.0,631122.775
nsga2,cap121,C2,49,0.893,270000.0,630308.425
nsga2,cap121,C2,49,0.893,277500.0,629500.725
nsga2,cap121,C2,49,0.893,285000.0,628732.65
nsga2,cap121,C2,49,0.893,292500.0,627979.975
nsga2,cap121,C2,49,0.893,300000.0,627344.9
nsga2,cap121,C2,49,0.893,307500.0,626821.1625
nsga2,cap121,C2,49,0.893,315000.0,626207.8875
nsga2,cap121,C2,49,0.893,322500.0,625909.9125
nsga2,cap121,C2,49,0.893,330000.0,625701.1875
nsga2,cap121,C2,49,0.893,337500.0,625200.7375
nsga2,cap121,C2,49,0.893,345000.0,625100.9125
nsga2,cap121,C2,50,0.876,22500.0,1084977.0
nsga2,cap121,C2,50,0.876,30000.0,880402.75
nsga2,cap121,C2,50,0.876,37500.0,839443.6875
nsga2,cap121,C2,50,0.876,45000.0,800644.4375
nsga2,cap121,C2,50,0.876,52500.0,778710.65
nsga2,cap121,C2,50,0.876,60000.0,758266.075
nsga2,cap121,C2,50,0.876,67500.0,743751.025
nsga2,cap121,C2,50,0.876,75000.0,730488.375
nsga2,cap121,C2,50,0.876,82500.0,718668.0
nsga2,cap121,C2,50,0.876,90000.0,705977.35
nsga2,cap121,C2,50,0.876,97500.0,696799.85
nsga2,cap121,C2,50,0.876,105000.0,688439.5625
nsga2,cap121,C2,50,0.876,112500.0,681873.4125
nsga2,cap121,C2,50,0.876,120000.0,676861.5375
nsga2,cap121,C2,50,0.876,127500.0,672032.075
nsga2,cap121,C2,50,0.876,135000.0,667218.8
nsga2,cap121,C2,50,0.876,142500.0,663466.25
nsga2,cap121,C2,50,0.876,150000.0,660426.5625
nsga2,cap121,C2,50,0.876,157500.0,657505.6875
nsga2,cap121,C2,50,0.876,165000.0,654894.0
nsga2,cap121,C2,50,0.876,172500.0,652402.9125
nsga2,cap121,C2,50,0.876,180000.0,649950.6125
nsga2,cap121,C2,50,0.876,187500.0,647641.7375
nsga2,cap121,C2,50,0.876,195000.0,645455.625
nsga2,cap121,C2,50,0.876,202500.0,643292.65
nsga2,cap121,C2,50,0.876,210000.0,641236.4
nsga2,cap121,C2,50,0.876,217500.0,639189.25
nsga2,cap121,C2,50,0.876,225000.0,637342.0875
nsga2,cap121,C2,50,0.876,232500.0,635983.0375
nsga2,cap121,C2,50,0.876,240000.0,634653.0375
nsga2,cap121,C2,50,0.876,247500.0,633405.675
nsga2,cap121,C2,50,0.876,255000.0,632173.975
nsga2,cap121,C2,50,0.876,262500.0,631122.775
nsga2,cap121,C2,50,0.876,270000.0,630308.425
nsga2,cap121,C2,50,0.876,277500.0,629500.725
nsga2,cap121,C2,50,0.876,285000.0,628732.65
nsga2,cap121,C2,50,0.876,292500.0,627979.975
nsga2,cap121,C2,50,0.876,300000.0,627246.275
nsga2,cap121,C2,50,0.876,307500.0,626731.625
nsga2,cap121,C2,50,0.876,315000.0,626038.775
nsga2,cap121,C2,50,0.876,322500.0,625403.7
nsga2,cap121,C2,50,0.876,330000.0,625360.025
nsga2,cap121,C2,50,0.876,337500.0,624797.9625
nsga2,cap121,C2,51,0.864,22500.0,1084977.0
nsga2,cap121,C2,51,0.864,30000.0,880402.75
nsga2,cap121,C2,51,0.864,37500.0,839443.6875
nsga2,cap121,C2,51,0.864,45000.0,800644.4375
nsga2,cap121,C2,51,0.864,52500.0,778710.65
nsga2,cap121,C2,51,0.864,60000.0,758266.075
nsga2,cap121,C2,51,0.864,67500.0,743751.025
nsga2,cap121,C2,51,0.864,75000.0,730488.375
nsga2,cap121,C2,51,0.864,82500.0,717400.45
nsga2,cap121,C2,51,0.864,90000.0,705977.35
nsga2,cap121,C2,51,0.864,97500.0,696799.85
nsga2,cap121,C2,51,0.864,105000.0,688439.5625
nsga2,cap121,C2,51,0.864,112500.0,681873.4125
nsga2,cap121,C2,51,0.864,120000.0,676861.5375
nsga2,cap121,C2,51,0.864,127500.0,672032.075
nsga2,cap121,C2,51,0.864,135000.0,667218.8
nsga2,cap121,C2,51,0.864,142500.0,663466.25
nsga2,cap121,C2,51,0.864,150000.0,660426.5625
nsga2,cap121,C2,51,0.864,157500.0,657396.4625
nsga2,cap121,C2,51,0.864,165000.0,654784.775
nsga2,cap121,C2,51,0.864,172500.0,652293.6875
nsga2,cap121,C2,51,0.864,180000.0,649841.3875
nsga2,cap121,C2,51,0.864,187500.0,647641.7375
nsga2,cap121,C2,51,0.864,195000.0,645455.625
nsga2,cap121,C2,51,0.864,202500.0,643292.65
nsga2,cap121,C2,51,0.864,210000.0,641236.4
nsga2,cap121,C2,51,0.864,217500.0,639189.25
nsga2,cap121,C2,51,0.864,225000.0,637342.0875
nsga2,cap121,C2,51,0.864,232500.0,635983.0375
nsga2,cap121,C2,51,0.864,240000.0,634653.0375
nsga2,cap121,C2,51,0.864,247500.0,633405.675
nsga2,cap121,C2,51,0.864,255000.0,632173.975
nsga2,cap121,C2,51,0.864,262500.0,631122.775
nsga2,cap121,C2,51,0.864,270000.0,630308.425
nsga2,cap121,C2,51,0.864,277500.0,629500.725
nsga2,cap121,C2,51,0.864,285000.0,628732.65
nsga2,cap121,C2,51,0.864,292500.0,627979.975
nsga2,cap121,C2,51,0.864,300000.0,627246.275
nsga2,cap121,C2,51,0.864,307500.0,626611.2
nsga2,cap121,C2,51,0.864,315000.0,625997.925
nsga2,cap121,C2,51,0.864,322500.0,625575.9
nsga2,cap121,C2,51,0.864,330000.0,625052.1625
vega,cap121,C3,42,3.763,82500.0,976986.5625
vega,cap121,C3,42,3.763,90000.0,882749.625
vega,cap121,C3,42,3.763,97500.0,773243.5
vega,cap121,C3,42,3.763,112500.0,745108.225
vega,cap121,C3,42,3.763,120000.0,741978.2125
vega,cap121,C3,42,3.763,127500.0,717664.0
vega,cap121,C3,42,3.763,142500.0,705779.375
vega,cap121,C3,42,3.763,150000.0,697087.9375
vega,cap121,C3,42,3.763,165000.0,694906.875
vega,cap121,C3,42,3.763,172500.0,693724.5875
vega,cap121,C3,42,3.763,180000.0,682809.85
vega,cap121,C3,43,3.548,97500.0,849128.6375
vega,cap121,C3,43,3.548,105000.0,781118.2375
vega,cap121,C3,43,3.548,120000.0,741313.925
vega,cap121,C3,43,3.548,127500.0,735860.45
vega,cap121,C3,43,3.548,135000.0,708178.0625
vega,cap121,C3,43,3.548,157500.0,696217.9625
vega,cap121,C3,43,3.548,165000.0,686165.925
vega,cap121,C3,43,3.548,187500.0,673919.6375
vega,cap121,C3,43,3.548,225000.0,666981.05
vega,cap121,C3,44,3.599,105000.0,757471.4249999999
vega,cap121,C3,44,3.599,120000.0,742589.0375
vega,cap121,C3,44,3.599,127500.0,738419.7625
vega,cap121,C3,44,3.599,135000.0,722517.0625
vega,cap121,C3,44,3.599,142500.0,717021.4
vega,cap121,C3,44,3.599,150000.0,713350.7625
vega,cap121,C3,44,3.599,157500.0,709699.25
vega,cap121,C3,44,3.599,165000.0,685771.1625
vega,cap121,C3,44,3.599,187500.0,681625.2875
vega,cap121,C3,44,3.599,202500.0,676725.925
vega,cap121,C3,45,3.64,90000.0,771999.0625
vega,cap121,C3,45,3.64,120000.0,764012.5
vega,cap121,C3,45,3.64,127500.0,743485.0375
vega,cap121,C3,45,3.64,135000.0,723854.2875
vega,cap121,C3,45,3.64,142500.0,705771.4375
vega,cap121,C3,45,3.64,150000.0,705233.925
vega,cap121,C3,45,3.64,157500.0,682303.4875
vega,cap121,C3,45,3.64,165000.0,672815.0375
vega,cap121,C3,45,3.64,187500.0,670986.975
vega,cap121,C3,46,3.683,97500.0,888615.05
vega,cap121,C3,46,3.683,105000.0,779978.1875
vega,cap121,C3,46,3.683,112500.0,729266.6125
vega,cap121,C3,46,3.683,135000.0,719626.3
vega,cap121,C3,46,3.683,142500.0,704631.9625
vega,cap121,C3,46,3.683,150000.0,693465.9125
vega,cap121,C3,46,3.683,157500.0,676134.55
vega,cap121,C3,47,3.349,67500.0,1173712.2625
vega,cap121,C3,47,3.349,82500.0,915167.6625
vega,cap121,C3,47,3.349,90000.0,855332.025
vega,cap121,C3,47,3.349,105000.0,811874.9875
vega,cap121,C3,47,3.349,112500.0,752637.025
vega,cap121,C3,47,3.349,120000.0,720741.7875
vega,cap121,C3,47,3.349,135000.0,717542.4
vega,cap121,C3,47,3.349,142500.0,705245.1375
vega,cap121,C3,47,3.349,157500.0,702320.0375
vega,cap121,C3,47,3.349,165000.0,691058.7125
vega,cap121,C3,47,3.349,195000.0,673453.4875
vega,cap121,C3,48,3.587,97500.0,778615.2125
vega,cap121,C3,48,3.587,112500.0,723345.85
vega,cap121,C3,48,3.587,135000.0,719170.3875
vega,cap121,C3,48,3.587,142500.0,703988.0
vega,cap121,C3,48,3.587,150000.0,703654.225
vega,cap121,C3,48,3.587,157500.0,693406.4
vega,cap121,C3,48,3.587,172500.0,687682.9375
vega,cap121,C3,48,3.587,180000.0,684196.0125
vega,cap121,C3,48,3.587,187500.0,682032.6
vega,cap121,C3,48,3.587,195000.0,674807.5125
vega,cap121,C3,48,3.587,202500.0,673767.525
vega,cap121,C3,49,3.543,75000.0,827773.625
vega,cap121,C3,49,3.543,97500.0,759127.5375
vega,cap121,C3,49,3.543,105000.0,758242.475
vega,cap121,C3,49,3.543,112500.0,725276.9125
vega,cap121,C3,49,3.543,150000.0,713287.2375
vega,cap121,C3,49,3.543,157500.0,702347.2875
vega,cap121,C3,49,3.543,210000.0,672279.425
vega,cap121,C3,50,3.736,97500.0,843209.85
vega,cap121,C3,50,3.736,105000.0,744240.425
vega,cap121,C3,50,3.736,120000.0,713621.1875
vega,cap121,C3,50,3.736,142500.0,712196.1875
vega,cap121,C3,50,3.736,150000.0,699786.9875
vega,cap121,C3,50,3.736,157500.0,697470.6375
vega,cap121,C3,50,3.736,165000.0,687247.1875
vega,cap121,C3,50,3.736,172500.0,679484.6375
vega,cap121,C3,50,3.736,180000.0,673444.9
vega,cap121,C3,51,3.696,75000.0,948404.425
vega,cap121,C3,51,3.696,90000.0,924913.175
vega,cap121,C3,51,3.696,97500.0,838594.4375
vega,cap121,C3,51,3.696,105000.0,738907.5375
vega,cap121,C3,51,3.696,112500.0,730552.025
vega,cap121,C3,51,3.696,135000.0,709726.5875
vega,cap121,C3,51,3.696,150000.0,690799.125
vega,cap121,C3,51,3.696,180000.0,687528.3125
nsga2,cap121,C3,42,3.745,22500.0,1072463.2625
nsga2,cap121,C3,42,3.745,30000.0,880402.75
nsga2,cap121,C3,42,3.745,37500.0,839443.6875
nsga2,cap121,C3,42,3.745,45000.0,800644.4375
nsga2,cap121,C3,42,3.745,52500.0,778710.65
nsga2,cap121,C3,42,3.745,60000.0,758266.075
nsga2,cap121,C3,42,3.745,67500.0,743751.025
nsga2,cap121,C3,42,3.745,75000.0,730488.375
nsga2,cap121,C3,42,3.745,82500.0,717400.45
nsga2,cap121,C3,42,3.745,90000.0,705977.35
nsga2,cap121,C3,42,3.745,97500.0,696799.85
nsga2,cap121,C3,42,3.745,105000.0,688439.5625
nsga2,cap121,C3,42,3.745,112500.0,681873.4125
nsga2,cap121,C3,42,3.745,120000.0,676861.5375
nsga2,cap121,C3,42,3.745,127500.0,672032.075
nsga2,cap121,C3,42,3.745,135000.0,667218.8
nsga2,cap121,C3,42,3.745,142500.0,663466.25
nsga2,cap121,C3,42,3.745,150000.0,660426.5625
nsga2,cap121,C3,42,3.745,157500.0,657505.6875
nsga2,cap121,C3,42,3.745,165000.0,654894.0
nsga2,cap121,C3,42,3.745,172500.0,652402.9125
nsga2,cap121,C3,42,3.745,180000.0,649950.6125
nsga2,cap121,C3,42,3.745,187500.0,647641.7375
nsga2,cap121,C3,42,3.745,195000.0,645455.625
nsga2,cap121,C3,42,3.745,202500.0,643292.65
nsga2,cap121,C3,42,3.745,210000.0,641236.4
nsga2,cap121,C3,42,3.745,217500.0,639189.25
nsga2,cap121,C3,42,3.745,225000.0,637342.0875
nsga2,cap121,C3,42,3.745,232500.0,635983.0375
nsga2,cap121,C3,42,3.745,240000.0,634653.0375
nsga2,cap121,C3,42,3.745,247500.0,633405.675
nsga2,cap121,C3,42,3.745,255000.0,632173.975
nsga2,cap121,C3,42,3.745,262500.0,631122.775
nsga2,cap121,C3,42,3.745,270000.0,630308.425
nsga2,cap121,C3,42,3.745,277500.0,629500.725
nsga2,cap121,C3,42,3.745,285000.0,628732.65
nsga2,cap121,C3,42,3.745,292500.0,627979.975
nsga2,cap121,C3,42,3.745,300000.0,627246.275
nsga2,cap121,C3,42,3.745,307500.0,626611.2
nsga2,cap121,C3,42,3.745,315000.0,625997.925
nsga2,cap121,C3,42,3.745,322500.0,625403.7
nsga2,cap121,C3,42,3.745,330000.0,624879.9625
nsga2,cap121,C3,42,3.745,337500.0,624581.9875
nsga2,cap121,C3,42,3.745,345000.0,624368.225
nsga2,cap121,C3,42,3.745,352500.0,624253.275
nsga2,cap121,C3,42,3.745,360000.0,624153.45
nsga2,cap121,C3,42,3.745,367500.0,624071.45
nsga2,cap121,C3,43,3.888,22500.0,1084977.0
nsga2,cap121,C3,43,3.888,30000.0,880402.75
nsga2,cap121,C3,43,3.888,37500.0,839443.6875
nsga2,cap121,C3,43,3.888,45000.0,800644.4375
nsga2,cap121,C3,43,3.888,52500.0,778710.65
nsga2,cap121,C3,43,3.888,60000.0,758266.075
nsga2,cap121,C3,43,3.888,67500.0,743751.025
nsga2,cap121,C3,43,3.888,75000.0,730488.375
nsga2,cap121,C3,43,3.888,82500.0,717400.45
nsga2,cap121,C3,43,3.888,90000.0,705977.35
nsga2,cap121,C3,43,3.888,97500.0,696799.85
nsga2,cap121,C3,43,3.888,105000.0,688439.5625
nsga2,cap121,C3,43,3.888,112500.0,681873.4125
nsga2,cap121,C3,43,3.888,120000.0,676861.5375
nsga2,cap121,C3,43,3.888,127500.0,672032.075
nsga2,cap121,C3,43,3.888,135000.0,667218.8
nsga2,cap121,C3,43,3.888,142500.0,663466.25
nsga2,cap121,C3,43,3.888,150000.0,660426.5625
nsga2,cap121,C3,43,3.888,157500.0,657505.6875
nsga2,cap121,C3,43,3.888,165000.0,654894.0
nsga2,cap121,C3,43,3.888,172500.0,652402.9125
nsga2,cap121,C3,43,3.888,180000.0,649950.6125
nsga2,cap121,C3,43,3.888,187500.0,647641.7375
nsga2,cap121,C3,43,3.888,195000.0,645455.625
nsga2,cap121,C3,43,3.888,202500.0,643292.65
nsga2,cap121,C3,43,3.888,210000.0,641236.4
nsga2,cap121,C3,43,3.888,217500.0,639189.25
nsga2,cap121,C3,43,3.888,225000.0,637342.0875
nsga2,cap121,C3,43,3.888,232500.0,635983.0375
nsga2,cap121,C3,43,3.888,240000.0,634653.0375
nsga2,cap121,C3,43,3.888,247500.0,633405.675
nsga2,cap121,C3,43,3.888,255000.0,632173.975
nsga2,cap121,C3,43,3.888,262500.0,631122.775
nsga2,cap121,C3,43,3.888,270000.0,630308.425
nsga2,cap121,C3,43,3.888,277500.0,629500.725
nsga2,cap121,C3,43,3.888,285000.0,628732.65
nsga2,cap121,C3,43,3.888,292500.0,627979.975
nsga2,cap121,C3,43,3.888,300000.0,627246.275
nsga2,cap121,C3,43,3.888,307500.0,626611.2
nsga2,cap121,C3,43,3.888,315000.0,625997.925
nsga2,cap121,C3,43,3.888,322500.0,625403.7
nsga2,cap121,C3,43,3.888,330000.0,624879.9625
nsga2,cap121,C3,43,3.888,337500.0,624581.9875
nsga2,cap121,C3,43,3.888,345000.0,624467.0375
nsga2,cap121,C3,43,3.888,352500.0,624253.275
nsga2,cap121,C3,43,3.888,360000.0,624153.45
nsga2,cap121,C3,44,3.106,22500.0,1076745.75
nsga2,cap121,C3,44,3.106,30000.0,880402.75
nsga2,cap121,C3,44,3.106,37500.0,839443.6875
nsga2,cap121,C3,44,3.106,45000.0,800644.4375
nsga2,cap121,C3,44,3.106,52500.0,778710.65
nsga2,cap121,C3,44,3.106,60000.0,758266.075
nsga2,cap121,C3,44,3.106,67500.0,743751.025
nsga2,cap121,C3,44,3.106,75000.0,730488.375
nsga2,cap121,C3,44,3.106,82500.0,717400.45
nsga2,cap121,C3,44,3.106,90000.0,705977.35
nsga2,cap121,C3,44,3.106,97500.0,696799.85
nsga2,cap121,C3,44,3.106,105000.0,688439.5625
nsga2,cap121,C3,44,3.106,112500.0,681873.4125
nsga2,cap121,C3,44,3.106,120000.0,676861.5375
nsga2,cap121,C3,44,3.106,127500.0,672032.075
nsga2,cap121,C3,44,3.106,135000.0,667218.8
nsga2,cap121,C3,44,3.106,142500.0,663466.25
nsga2,cap121,C3,44,3.106,150000.0,660426.5625
nsga2,cap121,C3,44,3.106,157500.0,657505.6875
nsga2,cap121,C3,44,3.106,165000.0,654894.0
nsga2,cap121,C3,44,3.106,172500.0,652402.9125
nsga2,cap121,C3,44,3.106,180000.0,649950.6125
nsga2,cap121,C3,44,3.106,187500.0,647641.7375
nsga2,cap121,C3,44,3.106,195000.0,645455.625
nsga2,cap121,C3,44,3.106,202500.0,643292.65
nsga2,cap121,C3,44,3.106,210000.0,641236.4
nsga2,cap121,C3,44,3.106,217500.0,639189.25
nsga2,cap121,C3,44,3.106,225000.0,637342.0875
nsga2,cap121,C3,44,3.106,232500.0,635983.0375
nsga2,cap121,C3,44,3.106,240000.0,634653.0375
nsga2,cap121,C3,44,3.106,247500.0,633405.675
nsga2,cap121,C3,44,3.106,255000.0,632173.975
nsga2,cap121,C3,44,3.106,262500.0,631122.775
nsga2,cap121,C3,44,3.106,270000.0,630308.425
nsga2,cap121,C3,44,3.106,277500.0,629500.725
nsga2,cap121,C3,44,3.106,285000.0,628732.65
nsga2,cap121,C3,44,3.106,292500.0,627979.975
nsga2,cap121,C3,44,3.106,300000.0,627246.275
nsga2,cap121,C3,44,3.106,307500.0,626611.2
nsga2,cap121,C3,44,3.106,315000.0,625997.925
nsga2,cap121,C3,44,3.106,322500.0,625403.7
nsga2,cap121,C3,44,3.106,330000.0,624879.9625
nsga2,cap121,C3,44,3.106,337500.0,624581.9875
nsga2,cap121,C3,44,3.106,345000.0,624368.225
nsga2,cap121,C3,44,3.106,352500.0,624253.275
nsga2,cap121,C3,44,3.106,360000.0,624153.45
nsga2,cap121,C3,44,3.106,367500.0,624071.45
nsga2,cap121,C3,45,3.092,22500.0,1063303.925
nsga2,cap121,C3,45,3.092,30000.0,880402.75
nsga2,cap121,C3,45,3.092,37500.0,839443.6875
nsga2,cap121,C3,45,3.092,45000.0,800644.4375
nsga2,cap121,C3,45,3.092,52500.0,778710.65
nsga2,cap121,C3,45,3.092,60000.0,758266.075
nsga2,cap121,C3,45,3.092,67500.0,743751.025
nsga2,cap121,C3,45,3.092,75000.0,730488.375
nsga2,cap121,C3,45,3.092,82500.0,717400.45
nsga2,cap121,C3,45,3.092,90000.0,705977.35
nsga2,cap121,C3,45,3.092,97500.0,696799.85
nsga2,cap121,C3,45,3.092,105000.0,688439.5625
nsga2,cap121,C3,45,3.092,112500.0,681873.4125
nsga2,cap121,C3,45,3.092,120000.0,676861.5375
nsga2,cap121,C3,45,3.092,127500.0,672032.075
nsga2,cap121,C3,45,3.092,135000.0,667218.8
nsga2,cap121,C3,45,3.092,142500.0,663466.25
nsga2,cap121,C3,45,3.092,150000.0,660426.5625
nsga2,cap121,C3,45,3.092,157500.0,657505.6875
nsga2,cap121,C3,45,3.092,165000.0,654894.0
nsga2,cap121,C3,45,3.092,172500.0,652402.9125
nsga2,cap121,C3,45,3.092,180000.0,649950.6125
nsga2,cap121,C3,45,3.092,187500.0,647532.5125
nsga2,cap121,C3,45,3.092,195000.0,645455.625
nsga2,cap121,C3,45,3.092,202500.0,643292.65
nsga2,cap121,C3,45,3.092,210000.0,641236.4
nsga2,cap121,C3,45,3.092,217500.0,639189.25
nsga2,cap121,C3,45,3.092,225000.0,637342.0875
nsga2,cap121,C3,45,3.092,232500.0,635983.0375
nsga2,cap121,C3,45,3.092,240000.0,634653.0375
nsga2,cap121,C3,45,3.092,247500.0,633405.675
nsga2,cap121,C3,45,3.092,255000.0,632173.975
nsga2,cap121,C3,45,3.092,262500.0,631122.775
nsga2,cap121,C3,45,3.092,270000.0,630308.425
nsga2,cap121,C3,45,3.092,277500.0,629500.725
nsga2,cap121,C3,45,3.092,285000.0,628732.65
nsga2,cap121,C3,45,3.092,292500.0,627979.975
nsga2,cap121,C3,45,3.092,300000.0,627246.275
nsga2,cap121,C3,45,3.092,307500.0,626611.2
nsga2,cap121,C3,45,3.092,315000.0,625997.925
nsga2,cap121,C3,45,3.092,322500.0,625403.7
nsga2,cap121,C3,45,3.092,330000.0,624879.9625
nsga2,cap121,C3,45,3.092,337500.0,624581.9875
nsga2,cap121,C3,45,3.092,345000.0,624368.225
nsga2,cap121,C3,45,3.092,352500.0,624286.225
nsga2,cap121,C3,46,2.927,22500.0,1076745.75
nsga2,cap121,C3,46,2.927,30000.0,880186.6749999999
nsga2,cap121,C3,46,2.927,37500.0,839443.6875
nsga2,cap121,C3,46,2.927,45000.0,800644.4375
nsga2,cap121,C3,46,2.927,52500.0,778710.65
nsga2,cap121,C3,46,2.927,60000.0,758266.075
nsga2,cap121,C3,46,2.927,67500.0,743751.025
nsga2,cap121,C3,46,2.927,75000.0,730488.375
nsga2,cap121,C3,46,2.927,82500.0,717400.45
nsga2,cap121,C3,46,2.927,90000.0,705977.35
nsga2,cap121,C3,46,2.927,97500.0,696799.85
nsga2,cap121,C3,46,2.927,105000.0,688439.5625
nsga2,cap121,C3,46,2.927,112500.0,681873.4125
nsga2,cap121,C3,46,2.927,120000.0,676861.5375
nsga2,cap121,C3,46,2.927,127500.0,672032.075
nsga2,cap121,C3,46,2.927,135000.0,667218.8
nsga2,cap121,C3,46,2.927,142500.0,663466.25
nsga2,cap121,C3,46,2.927,150000.0,660426.5625
nsga2,cap121,C3,46,2.927,157500.0,657505.6875
nsga2,cap121,C3,46,2.927,165000.0,654894.0
nsga2,cap121,C3,46,2.927,172500.0,652332.475
nsga2,cap121,C3,46,2.927,180000.0,649950.6125
nsga2,cap121,C3,46,2.927,187500.0,647641.7375
nsga2,cap121,C3,46,2.927,195000.0,645455.625
nsga2,cap121,C3,46,2.927,202500.0,643292.65
nsga2,cap121,C3,46,2.927,210000.0,641236.4
nsga2,cap121,C3,46,2.927,217500.0,639189.25
nsga2,cap121,C3,46,2.927,225000.0,637342.0875
nsga2,cap121,C3,46,2.927,232500.0,635983.0375
nsga2,cap121,C3,46,2.927,240000.0,634653.0375
nsga2,cap121,C3,46,2.927,247500.0,633405.675
nsga2,cap121,C3,46,2.927,255000.0,632173.975
nsga2,cap121,C3,46,2.927,262500.0,631122.775
nsga2,cap121,C3,46,2.927,270000.0,630308.425
nsga2,cap121,C3,46,2.927,277500.0,629500.725
nsga2,cap121,C3,46,2.927,285000.0,628732.65
nsga2,cap121,C3,46,2.927,292500.0,627979.975
nsga2,cap121,C3,46,2.927,300000.0,627246.275
nsga2,cap121,C3,46,2.927,307500.0,626611.2
nsga2,cap121,C3,46,2.927,315000.0,625997.925
nsga2,cap121,C3,46,2.927,322500.0,625403.7
nsga2,cap121,C3,46,2.927,330000.0,624879.9625
nsga2,cap121,C3,46,2.927,337500.0,624581.9875
nsga2,cap121,C3,46,2.927,345000.0,624467.0375
nsga2,cap121,C3,46,2.927,352500.0,624367.2125
nsga2,cap121,C3,47,3.038,22500.0,1085097.55
nsga2,cap121,C3,47,3.038,30000.0,880402.75
nsga2,cap121,C3,47,3.038,37500.0,839443.6875
nsga2,cap121,C3,47,3.038,45000.0,800644.4375
nsga2,cap121,C3,47,3.038,52500.0,778710.65
nsga2,cap121,C3,47,3.038,60000.0,758266.075
nsga2,cap121,C3,47,3.038,67500.0,743751.025
nsga2,cap121,C3,47,3.038,75000.0,730488.375
nsga2,cap121,C3,47,3.038,82500.0,717400.45
nsga2,cap121,C3,47,3.038,90000.0,705977.35
nsga2,cap121,C3,47,3.038,97500.0,696799.85
nsga2,cap121,C3,47,3.038,105000.0,688439.5625
nsga2,cap121,C3,47,3.038,112500.0,681873.4125
nsga2,cap121,C3,47,3.038,120000.0,676861.5375
nsga2,cap121,C3,47,3.038,127500.0,672032.075
nsga2,cap121,C3,47,3.038,135000.0,667218.8
nsga2,cap121,C3,47,3.038,142500.0,663466.25
nsga2,cap121,C3,47,3.038,150000.0,660426.5625
nsga2,cap121,C3,47,3.038,157500.0,657505.6875
nsga2,cap121,C3,47,3.038,165000.0,654894.0
nsga2,cap121,C3,47,3.038,172500.0,652402.9125
nsga2,cap121,C3,47,3.038,180000.0,649950.6125
nsga2,cap121,C3,47,3.038,187500.0,647641.7375
nsga2,cap121,C3,47,3.038,195000.0,645455.625
nsga2,cap121,C3,47,3.038,202500.0,643292.65
nsga2,cap121,C3,47,3.038,210000.0,641236.4
nsga2,cap121,C3,47,3.038,217500.0,639189.25
nsga2,cap121,C3,47,3.038,225000.0,637342.0875
nsga2,cap121,C3,47,3.038,232500.0,635983.0375
nsga2,cap121,C3,47,3.038,240000.0,634653.0375
nsga2,cap121,C3,47,3.038,247500.0,633405.675
nsga2,cap121,C3,47,3.038,255000.0,632173.975
nsga2,cap121,C3,47,3.038,262500.0,631122.775
nsga2,cap121,C3,47,3.038,270000.0,630308.425
nsga2,cap121,C3,47,3.038,277500.0,629500.725
nsga2,cap121,C3,47,3.038,285000.0,628732.65
nsga2,cap121,C3,47,3.038,292500.0,627979.975
nsga2,cap121,C3,47,3.038,300000.0,627246.275
nsga2,cap121,C3,47,3.038,307500.0,626611.2
nsga2,cap121,C3,47,3.038,315000.0,625997.925
nsga2,cap121,C3,47,3.038,322500.0,625403.7
nsga2,cap121,C3,47,3.038,330000.0,624879.9625
nsga2,cap121,C3,47,3.038,337500.0,624581.9875
nsga2,cap121,C3,47,3.038,345000.0,624368.225
nsga2,cap121,C3,47,3.038,352500.0,624268.4
nsga2,cap121,C3,48,3.038,22500.0,1111684.3125
nsga2,cap121,C3,48,3.038,30000.0,880402.75
nsga2,cap121,C3,48,3.038,37500.0,839443.6875
nsga2,cap121,C3,48,3.038,45000.0,800644.4375
nsga2,cap121,C3,48,3.038,52500.0,778710.65
nsga2,cap121,C3,48,3.038,60000.0,758266.075
nsga2,cap121,C3,48,3.038,67500.0,743751.025
nsga2,cap121,C3,48,3.038,75000.0,730488.375
nsga2,cap121,C3,48,3.038,82500.0,717400.45
nsga2,cap121,C3,48,3.038,90000.0,705977.35
nsga2,cap121,C3,48,3.038,97500.0,696799.85
nsga2,cap121,C3,48,3.038,105000.0,688439.5625
nsga2,cap121,C3,48,3.038,112500.0,681873.4125
nsga2,cap121,C3,48,3.038,120000.0,676861.5375
nsga2,cap121,C3,48,3.038,127500.0,672032.075
nsga2,cap121,C3,48,3.038,135000.0,667218.8
nsga2,cap121,C3,48,3.038,142500.0,663466.25
nsga2,cap121,C3,48,3.038,150000.0,660426.5625
nsga2,cap121,C3,48,3.038,157500.0,657505.6875
nsga2,cap121,C3,48,3.038,165000.0,654894.0
nsga2,cap121,C3,48,3.038,172500.0,652402.9125
nsga2,cap121,C3,48,3.038,180000.0,649950.6125
nsga2,cap121,C3,48,3.038,187500.0,647641.7375
nsga2,cap121,C3,48,3.038,195000.0,645455.625
nsga2,cap121,C3,48,3.038,202500.0,643292.65
nsga2,cap121,C3,48,3.038,210000.0,641236.4
nsga2,cap121,C3,48,3.038,217500.0,639189.25
nsga2,cap121,C3,48,3.038,225000.0,637342.0875
nsga2,cap121,C3,48,3.038,232500.0,635983.0375
nsga2,cap121,C3,48,3.038,240000.0,634653.0375
nsga2,cap121,C3,48,3.038,247500.0,633405.675
nsga2,cap121,C3,48,3.038,255000.0,632173.975
nsga2,cap121,C3,48,3.038,262500.0,631122.775
nsga2,cap121,C3,48,3.038,270000.0,630308.425
nsga2,cap121,C3,48,3.038,277500.0,629500.725
nsga2,cap121,C3,48,3.038,285000.0,628732.65
nsga2,cap121,C3,48,3.038,292500.0,627979.975
nsga2,cap121,C3,48,3.038,300000.0,627246.275
nsga2,cap121,C3,48,3.038,307500.0,626611.2
nsga2,cap121,C3,48,3.038,315000.0,625997.925
nsga2,cap121,C3,48,3.038,322500.0,625403.7
nsga2,cap121,C3,48,3.038,330000.0,624879.9625
nsga2,cap121,C3,48,3.038,337500.0,624581.9875
nsga2,cap121,C3,48,3.038,345000.0,624368.225
nsga2,cap121,C3,48,3.038,352500.0,624253.275
nsga2,cap121,C3,49,3.007,22500.0,1047506.6375
nsga2,cap121,C3,49,3.007,30000.0,880186.6749999999
nsga2,cap121,C3,49,3.007,37500.0,839443.6875
nsga2,cap121,C3,49,3.007,45000.0,800644.4375
nsga2,cap121,C3,49,3.007,52500.0,778710.65
nsga2,cap121,C3,49,3.007,60000.0,758266.075
nsga2,cap121,C3,49,3.007,67500.0,743751.025
nsga2,cap121,C3,49,3.007,75000.0,730488.375
nsga2,cap121,C3,49,3.007,82500.0,718056.7125
nsga2,cap121,C3,49,3.007,90000.0,705977.35
nsga2,cap121,C3,49,3.007,97500.0,696799.85
nsga2,cap121,C3,49,3.007,105000.0,688439.5625
nsga2,cap121,C3,49,3.007,112500.0,681873.4125
nsga2,cap121,C3,49,3.007,120000.0,676861.5375
nsga2,cap121,C3,49,3.007,127500.0,672032.075
nsga2,cap121,C3,49,3.007,135000.0,667218.8
nsga2,cap121,C3,49,3.007,142500.0,663466.25
nsga2,cap121,C3,49,3.007,150000.0,660426.5625
nsga2,cap121,C3,49,3.007,157500.0,657396.4625
nsga2,cap121,C3,49,3.007,165000.0,654784.775
nsga2,cap121,C3,49,3.007,172500.0,652293.6875
nsga2,cap121,C3,49,3.007,180000.0,649841.3875
nsga2,cap121,C3,49,3.007,187500.0,647532.5125
nsga2,cap121,C3,49,3.007,195000.0,645346.4
nsga2,cap121,C3,49,3.007,202500.0,643290.15
nsga2,cap121,C3,49,3.007,210000.0,641236.4
nsga2,cap121,C3,49,3.007,217500.0,639189.25
nsga2,cap121,C3,49,3.007,225000.0,637342.0875
nsga2,cap121,C3,49,3.007,232500.0,635983.0375
nsga2,cap121,C3,49,3.007,240000.0,634653.0375
nsga2,cap121,C3,49,3.007,247500.0,633405.675
nsga2,cap121,C3,49,3.007,255000.0,632173.975
nsga2,cap121,C3,49,3.007,262500.0,631122.775
nsga2,cap121,C3,49,3.007,270000.0,630308.425
nsga2,cap121,C3,49,3.007,277500.0,629500.725
nsga2,cap121,C3,49,3.007,285000.0,628732.65
nsga2,cap121,C3,49,3.007,292500.0,627979.975
nsga2,cap121,C3,49,3.007,300000.0,627246.275
nsga2,cap121,C3,49,3.007,307500.0,626611.2
nsga2,cap121,C3,49,3.007,315000.0,625997.925
nsga2,cap121,C3,49,3.007,322500.0,625403.7
nsga2,cap121,C3,49,3.007,330000.0,624879.9625
nsga2,cap121,C3,49,3.007,337500.0,624581.9875
nsga2,cap121,C3,49,3.007,345000.0,624368.225
nsga2,cap121,C3,49,3.007,352500.0,624253.275
nsga2,cap121,C3,49,3.007,360000.0,624153.45
nsga2,cap121,C3,50,2.983,22500.0,1076745.75
nsga2,cap121,C3,50,2.983,30000.0,880186.6749999999
nsga2,cap121,C3,50,2.983,37500.0,839443.6875
nsga2,cap121,C3,50,2.983,45000.0,800644.4375
nsga2,cap121,C3,50,2.983,52500.0,778710.65
nsga2,cap121,C3,50,2.983,60000.0,758266.075
nsga2,cap121,C3,50,2.983,67500.0,743751.025
nsga2,cap121,C3,50,2.983,75000.0,730488.375
nsga2,cap121,C3,50,2.983,82500.0,717400.45
nsga2,cap121,C3,50,2.983,90000.0,705977.35
nsga2,cap121,C3,50,2.983,97500.0,696799.85
nsga2,cap121,C3,50,2.983,105000.0,688439.5625
nsga2,cap121,C3,50,2.983,112500.0,681873.4125
nsga2,cap121,C3,50,2.983,120000.0,676861.5375
nsga2,cap121,C3,50,2.983,127500.0,672032.075
nsga2,cap121,C3,50,2.983,135000.0,667218.8
nsga2,cap121,C3,50,2.983,142500.0,663466.25
nsga2,cap121,C3,50,2.983,150000.0,660426.5625
nsga2,cap121,C3,50,2.983,157500.0,657505.6875
nsga2,cap121,C3,50,2.983,165000.0,654894.0
nsga2,cap121,C3,50,2.983,172500.0,652293.6875
nsga2,cap121,C3,50,2.983,180000.0,649841.3875
nsga2,cap121,C3,50,2.983,187500.0,647532.5125
nsga2,cap121,C3,50,2.983,195000.0,645346.4
nsga2,cap121,C3,50,2.983,202500.0,643290.15
nsga2,cap121,C3,50,2.983,210000.0,641236.4
nsga2,cap121,C3,50,2.983,217500.0,639189.25
nsga2,cap121,C3,50,2.983,225000.0,637342.0875
nsga2,cap121,C3,50,2.983,232500.0,635983.0375
nsga2,cap121,C3,50,2.983,240000.0,634653.0375
nsga2,cap121,C3,50,2.983,247500.0,633405.675
nsga2,cap121,C3,50,2.983,255000.0,632173.975
nsga2,cap121,C3,50,2.983,262500.0,631122.775
nsga2,cap121,C3,50,2.983,270000.0,630308.425
nsga2,cap121,C3,50,2.983,277500.0,629500.725
nsga2,cap121,C3,50,2.983,285000.0,628732.65
nsga2,cap121,C3,50,2.983,292500.0,627979.975
nsga2,cap121,C3,50,2.983,300000.0,627246.275
nsga2,cap121,C3,50,2.983,307500.0,626611.2
nsga2,cap121,C3,50,2.983,315000.0,625997.925
nsga2,cap121,C3,50,2.983,322500.0,625403.7
nsga2,cap121,C3,50,2.983,330000.0,624879.9625
nsga2,cap121,C3,50,2.983,337500.0,624581.9875
nsga2,cap121,C3,50,2.983,345000.0,624368.225
nsga2,cap121,C3,50,2.983,352500.0,624253.275
nsga2,cap121,C3,51,2.971,22500.0,1083034.5
nsga2,cap121,C3,51,2.971,30000.0,880402.75
nsga2,cap121,C3,51,2.971,37500.0,839443.6875
nsga2,cap121,C3,51,2.971,45000.0,800644.4375
nsga2,cap121,C3,51,2.971,52500.0,778710.65
nsga2,cap121,C3,51,2.971,60000.0,758266.075
nsga2,cap121,C3,51,2.971,67500.0,743751.025
nsga2,cap121,C3,51,2.971,75000.0,730488.375
nsga2,cap121,C3,51,2.971,82500.0,717400.45
nsga2,cap121,C3,51,2.971,90000.0,705977.35
nsga2,cap121,C3,51,2.971,97500.0,696799.85
nsga2,cap121,C3,51,2.971,105000.0,688439.5625
nsga2,cap121,C3,51,2.971,112500.0,681873.4125
nsga2,cap121,C3,51,2.971,120000.0,676861.5375
nsga2,cap121,C3,51,2.971,127500.0,672032.075
nsga2,cap121,C3,51,2.971,135000.0,667218.8
nsga2,cap121,C3,51,2.971,142500.0,663466.25
nsga2,cap121,C3,51,2.971,150000.0,660426.5625
nsga2,cap121,C3,51,2.971,157500.0,657396.4625
nsga2,cap121,C3,51,2.971,165000.0,654784.775
nsga2,cap121,C3,51,2.971,172500.0,652293.6875
nsga2,cap121,C3,51,2.971,180000.0,649841.3875
nsga2,cap121,C3,51,2.971,187500.0,647532.5125
nsga2,cap121,C3,51,2.971,195000.0,645346.4
nsga2,cap121,C3,51,2.971,202500.0,643290.15
nsga2,cap121,C3,51,2.971,210000.0,641236.4
nsga2,cap121,C3,51,2.971,217500.0,639189.25
nsga2,cap121,C3,51,2.971,225000.0,637342.0875
nsga2,cap121,C3,51,2.971,232500.0,635983.0375
nsga2,cap121,C3,51,2.971,240000.0,634653.0375
nsga2,cap121,C3,51,2.971,247500.0,633405.675
nsga2,cap121,C3,51,2.971,255000.0,632173.975
nsga2,cap121,C3,51,2.971,262500.0,631122.775
nsga2,cap121,C3,51,2.971,270000.0,630308.425
nsga2,cap121,C3,51,2.971,277500.0,629500.725
nsga2,cap121,C3,51,2.971,285000.0,628732.65
nsga2,cap121,C3,51,2.971,292500.0,627979.975
nsga2,cap121,C3,51,2.971,300000.0,627246.275
nsga2,cap121,C3,51,2.971,307500.0,626611.2
nsga2,cap121,C3,51,2.971,315000.0,625997.925
nsga2,cap121,C3,51,2.971,322500.0,625403.7
nsga2,cap121,C3,51,2.971,330000.0,624879.9625
nsga2,cap121,C3,51,2.971,337500.0,624666.2
nsga2,cap121,C3,51,2.971,345000.0,624368.225
vega,cap122,C1,42,0.324,100000.0,957211.8375
vega,cap122,C1,42,0.324,112500.0,862734.5375
vega,cap122,C1,42,0.324,175000.0,782602.45
vega,cap122,C1,42,0.324,187500.0,748965.9
vega,cap122,C1,42,0.324,212500.0,745742.5375
vega,cap122,C1,42,0.324,225000.0,731038.5
vega,cap122,C1,42,0.324,237500.0,725355.125
vega,cap122,C1,42,0.324,262500.0,724161.825
vega,cap122,C1,42,0.324,275000.0,686637.5625
vega,cap122,C1,42,0.324,300000.0,672788.35
vega,cap122,C1,43,0.288,150000.0,809179.95
vega,cap122,C1,43,0.288,162500.0,744491.6375
vega,cap122,C1,43,0.288,200000.0,723852.7375
vega,cap122,C1,43,0.288,212500.0,709418.625
vega,cap122,C1,43,0.288,250000.0,696735.1125
vega,cap122,C1,43,0.288,262500.0,689583.6625
vega,cap122,C1,44,0.327,112500.0,967501.375
vega,cap122,C1,44,0.327,137500.0,848456.1
vega,cap122,C1,44,0.327,162500.0,763069.1625
vega,cap122,C1,44,0.327,175000.0,731632.55
vega,cap122,C1,44,0.327,200000.0,727470.4
vega,cap122,C1,44,0.327,212500.0,719125.525
vega,cap122,C1,44,0.327,262500.0,702169.1875
vega,cap122,C1,44,0.327,275000.0,694008.3625
vega,cap122,C1,45,0.355,112500.0,808385.7625
vega,cap122,C1,45,0.355,150000.0,771273.15
vega,cap122,C1,45,0.355,162500.0,754031.55
vega,cap122,C1,45,0.355,175000.0,728706.975
vega,cap122,C1,45,0.355,200000.0,715543.5875
vega,cap122,C1,45,0.355,237500.0,702610.75
vega,cap122,C1,46,0.333,150000.0,740666.05
vega,cap122,C1,46,0.333,162500.0,735940.675
vega,cap122,C1,46,0.333,187500.0,718875.2375
vega,cap122,C1,46,0.333,225000.0,714673.3375
vega,cap122,C1,46,0.333,237500.0,712564.25
vega,cap122,C1,47,0.349,100000.0,932903.2375
vega,cap122,C1,47,0.349,125000.0,861197.2875
vega,cap122,C1,47,0.349,137500.0,772453.25
vega,cap122,C1,47,0.349,150000.0,756277.9249999999
vega,cap122,C1,47,0.349,162500.0,738554.1375
vega,cap122,C1,47,0.349,187500.0,730882.9125
vega,cap122,C1,47,0.349,212500.0,719146.925
vega,cap122,C1,47,0.349,225000.0,704447.9625
vega,cap122,C1,47,0.349,237500.0,687516.2375
vega,cap122,C1,47,0.349,250000.0,682800.1875
vega,cap122,C1,48,0.377,100000.0,877639.7375
vega,cap122,C1,48,0.377,137500.0,812077.7875
vega,cap122,C1,48,0.377,150000.0,757708.8
vega,cap122,C1,48,0.377,162500.0,741889.7875
vega,cap122,C1,48,0.377,175000.0,722293.5875
vega,cap122,C1,48,0.377,200000.0,711202.5125
vega,cap122,C1,48,0.377,212500.0,696069.4625
vega,cap122,C1,48,0.377,250000.0,685826.9
vega,cap122,C1,48,0.377,275000.0,682472.025
vega,cap122,C1,49,0.317,150000.0,825100.1125
vega,cap122,C1,49,0.317,162500.0,735550.9875
vega,cap122,C1,49,0.317,187500.0,723802.2125
vega,cap122,C1,49,0.317,200000.0,714678.9375
vega,cap122,C1,49,0.317,212500.0,714541.4625
vega,cap122,C1,49,0.317,237500.0,701340.1375
vega,cap122,C1,49,0.317,275000.0,698906.6
vega,cap122,C1,49,0.317,287500.0,683452.975
vega,cap122,C1,50,0.298,162500.0,773613.2374999999
vega,cap122,C1,50,0.298,175000.0,764540.95
vega,cap122,C1,50,0.298,187500.0,757711.6125
vega,cap122,C1,50,0.298,200000.0,722684.275
vega,cap122,C1,50,0.298,212500.0,722319.325
vega,cap122,C1,50,0.298,225000.0,703788.3125
vega,cap122,C1,50,0.298,237500.0,703502.175
vega,cap122,C1,50,0.298,250000.0,699202.775
vega,cap122,C1,50,0.298,262500.0,698329.35
vega,cap122,C1,51,0.346,125000.0,901075.5375
vega,cap122,C1,51,0.346,137500.0,745675.125
vega,cap122,C1,51,0.346,150000.0,745307.1375
vega,cap122,C1,51,0.346,175000.0,726015.175
vega,cap122,C1,51,0.346,187500.0,724499.55
vega,cap122,C1,51,0.346,200000.0,710812.1
vega,cap122,C1,51,0.346,212500.0,703542.2625
vega,cap122,C1,51,0.346,237500.0,702849.55
vega,cap122,C1,51,0.346,262500.0,697281.325
vega,cap122,C1,51,0.346,275000.0,694976.7
nsga2,cap122,C1,42,0.32,37500.0,1083034.5
nsga2,cap122,C1,42,0.32,50000.0,885556.325
nsga2,cap122,C1,42,0.32,62500.0,841603.5
nsga2,cap122,C1,42,0.32,75000.0,800644.4375
nsga2,cap122,C1,42,0.32,87500.0,778710.65
nsga2,cap122,C1,42,0.32,100000.0,758266.075
nsga2,cap122,C1,42,0.32,112500.0,743751.025
nsga2,cap122,C1,42,0.32,125000.0,730488.375
nsga2,cap122,C1,42,0.32,137500.0,719065.275
nsga2,cap122,C1,42,0.32,150000.0,708654.0
nsga2,cap122,C1,42,0.32,162500.0,698208.95
nsga2,cap122,C1,42,0.32,175000.0,688439.5625
nsga2,cap122,C1,42,0.32,187500.0,681873.4125
nsga2,cap122,C1,42,0.32,200000.0,676861.5375
nsga2,cap122,C1,42,0.32,212500.0,672032.075
nsga2,cap122,C1,42,0.32,225000.0,667218.8
nsga2,cap122,C1,42,0.32,237500.0,663466.25
nsga2,cap122,C1,42,0.32,250000.0,660426.5625
nsga2,cap122,C1,42,0.32,262500.0,657505.6875
nsga2,cap122,C1,42,0.32,275000.0,654894.0
nsga2,cap122,C1,42,0.32,287500.0,652332.475
nsga2,cap122,C1,42,0.32,300000.0,649950.6125
nsga2,cap122,C1,42,0.32,312500.0,647641.7375
nsga2,cap122,C1,42,0.32,325000.0,645476.2625
nsga2,cap122,C1,42,0.32,337500.0,643399.375
nsga2,cap122,C1,42,0.32,350000.0,641352.225
nsga2,cap122,C1,42,0.32,362500.0,639513.15
nsga2,cap122,C1,42,0.32,375000.0,638154.1
nsga2,cap122,C1,42,0.32,387500.0,636628.0625
nsga2,cap122,C1,42,0.32,400000.0,634780.3875
nsga2,cap122,C1,42,0.32,412500.0,633580.9375
nsga2,cap122,C1,42,0.32,425000.0,632221.8875
nsga2,cap122,C1,42,0.32,437500.0,631170.6875
nsga2,cap122,C1,42,0.32,450000.0,630436.9875
nsga2,cap122,C1,42,0.32,462500.0,629622.6375
nsga2,cap122,C1,42,0.32,475000.0,628822.05
nsga2,cap122,C1,42,0.32,487500.0,628255.05
nsga2,cap122,C1,42,0.32,500000.0,627379.275
nsga2,cap122,C1,42,0.32,512500.0,626846.475
nsga2,cap122,C1,42,0.32,525000.0,626137.4
nsga2,cap122,C1,42,0.32,537500.0,625839.425
nsga2,cap122,C1,42,0.32,550000.0,625105.725
nsga2,cap122,C1,43,0.361,37500.0,1083034.5
nsga2,cap122,C1,43,0.361,50000.0,888511.45
nsga2,cap122,C1,43,0.361,62500.0,844150.75
nsga2,cap122,C1,43,0.361,75000.0,808601.725
nsga2,cap122,C1,43,0.361,87500.0,783368.1
nsga2,cap122,C1,43,0.361,100000.0,762923.525
nsga2,cap122,C1,43,0.361,112500.0,745178.15
nsga2,cap122,C1,43,0.361,125000.0,730663.1
nsga2,cap122,C1,43,0.361,137500.0,719240.0
nsga2,cap122,C1,43,0.361,150000.0,707386.45
nsga2,cap122,C1,43,0.361,162500.0,697617.0625
nsga2,cap122,C1,43,0.361,175000.0,688439.5625
nsga2,cap122,C1,43,0.361,187500.0,683626.2875
nsga2,cap122,C1,43,0.361,200000.0,677060.1375
nsga2,cap122,C1,43,0.361,212500.0,672230.675
nsga2,cap122,C1,43,0.361,225000.0,667218.8
nsga2,cap122,C1,43,0.361,237500.0,663466.25
nsga2,cap122,C1,43,0.361,250000.0,660790.225
nsga2,cap122,C1,43,0.361,262500.0,657396.4625
nsga2,cap122,C1,43,0.361,275000.0,655148.4375
nsga2,cap122,C1,43,0.361,287500.0,652475.9
nsga2,cap122,C1,43,0.361,300000.0,649984.8125
nsga2,cap122,C1,43,0.361,312500.0,647532.5125
nsga2,cap122,C1,43,0.361,325000.0,645485.3625
nsga2,cap122,C1,43,0.361,337500.0,643408.475
nsga2,cap122,C1,43,0.361,350000.0,641243.0
nsga2,cap122,C1,43,0.361,362500.0,639389.2375
nsga2,cap122,C1,43,0.361,375000.0,637859.7625
nsga2,cap122,C1,43,0.361,387500.0,636110.3875
nsga2,cap122,C1,43,0.361,400000.0,634910.9375
nsga2,cap122,C1,43,0.361,412500.0,633859.7375
nsga2,cap122,C1,43,0.361,425000.0,632500.6875
nsga2,cap122,C1,43,0.361,437500.0,631170.6875
nsga2,cap122,C1,43,0.361,450000.0,630362.9875
nsga2,cap122,C1,43,0.361,462500.0,629594.9125
nsga2,cap122,C1,43,0.361,475000.0,628794.325
nsga2,cap122,C1,43,0.361,500000.0,628005.7625
nsga2,cap122,C1,43,0.361,512500.0,627411.5375
nsga2,cap122,C1,43,0.361,525000.0,626517.8625
nsga2,cap122,C1,44,0.297,37500.0,1081240.8125
nsga2,cap122,C1,44,0.297,50000.0,880186.6749999999
nsga2,cap122,C1,44,0.297,62500.0,839443.6875
nsga2,cap122,C1,44,0.297,75000.0,800644.4375
nsga2,cap122,C1,44,0.297,87500.0,778710.65
nsga2,cap122,C1,44,0.297,100000.0,758266.075
nsga2,cap122,C1,44,0.297,112500.0,743751.025
nsga2,cap122,C1,44,0.297,125000.0,731897.475
nsga2,cap122,C1,44,0.297,137500.0,720077.1
nsga2,cap122,C1,44,0.297,150000.0,707386.45
nsga2,cap122,C1,44,0.297,162500.0,697617.0625
nsga2,cap122,C1,44,0.297,175000.0,688439.5625
nsga2,cap122,C1,44,0.297,187500.0,681873.4125
nsga2,cap122,C1,44,0.297,200000.0,676861.5375
nsga2,cap122,C1,44,0.297,212500.0,672032.075
nsga2,cap122,C1,44,0.297,225000.0,667218.8
nsga2,cap122,C1,44,0.297,237500.0,663466.25
nsga2,cap122,C1,44,0.297,250000.0,660426.5625
nsga2,cap122,C1,44,0.297,262500.0,657396.4625
nsga2,cap122,C1,44,0.297,275000.0,654784.775
nsga2,cap122,C1,44,0.297,287500.0,652293.6875
nsga2,cap122,C1,44,0.297,300000.0,649950.6125
nsga2,cap122,C1,44,0.297,312500.0,647641.7375
nsga2,cap122,C1,44,0.297,325000.0,645594.5875
nsga2,cap122,C1,44,0.297,337500.0,643292.65
nsga2,cap122,C1,44,0.297,350000.0,641236.4
nsga2,cap122,C1,44,0.297,362500.0,639189.25
nsga2,cap122,C1,44,0.297,375000.0,637474.3
nsga2,cap122,C1,44,0.297,387500.0,636115.25
nsga2,cap122,C1,44,0.297,400000.0,634785.25
nsga2,cap122,C1,44,0.297,412500.0,633983.0
nsga2,cap122,C1,44,0.297,425000.0,632837.35
nsga2,cap122,C1,44,0.297,437500.0,631507.35
nsga2,cap122,C1,44,0.297,450000.0,630754.675
nsga2,cap122,C1,44,0.297,462500.0,630072.125
nsga2,cap122,C1,44,0.297,475000.0,629275.5125
nsga2,cap122,C1,44,0.297,487500.0,628608.8875
nsga2,cap122,C1,45,0.303,37500.0,1123237.6125
nsga2,cap122,C1,45,0.303,50000.0,880402.75
nsga2,cap122,C1,45,0.303,62500.0,841229.1749999999
nsga2,cap122,C1,45,0.303,75000.0,805301.8875
nsga2,cap122,C1,45,0.303,87500.0,780199.8625
nsga2,cap122,C1,45,0.303,100000.0,758266.075
nsga2,cap122,C1,45,0.303,112500.0,743751.025
nsga2,cap122,C1,45,0.303,125000.0,730663.1
nsga2,cap122,C1,45,0.303,137500.0,717400.45
nsga2,cap122,C1,45,0.303,150000.0,705977.35
nsga2,cap122,C1,45,0.303,162500.0,696799.85
nsga2,cap122,C1,45,0.303,175000.0,688439.5625
nsga2,cap122,C1,45,0.303,187500.0,681873.4125
nsga2,cap122,C1,45,0.303,200000.0,676861.5375
nsga2,cap122,C1,45,0.303,212500.0,672032.075
nsga2,cap122,C1,45,0.303,225000.0,667218.8
nsga2,cap122,C1,45,0.303,237500.0,663466.25
nsga2,cap122,C1,45,0.303,250000.0,660426.5625
nsga2,cap122,C1,45,0.303,262500.0,657505.6875
nsga2,cap122,C1,45,0.303,275000.0,654894.0
nsga2,cap122,C1,45,0.303,287500.0,652402.9125
nsga2,cap122,C1,45,0.303,300000.0,649950.6125
nsga2,cap122,C1,45,0.303,312500.0,647787.6375
nsga2,cap122,C1,45,0.303,325000.0,645752.9125
nsga2,cap122,C1,45,0.303,337500.0,643399.375
nsga2,cap122,C1,45,0.303,350000.0,641352.225
nsga2,cap122,C1,45,0.303,362500.0,639189.25
nsga2,cap122,C1,45,0.303,375000.0,638146.0125
nsga2,cap122,C1,45,0.303,387500.0,635983.0375
nsga2,cap122,C1,45,0.303,400000.0,634653.0375
nsga2,cap122,C1,45,0.303,412500.0,633453.5875
nsga2,cap122,C1,45,0.303,425000.0,632637.6
nsga2,cap122,C1,45,0.303,437500.0,631588.0375
nsga2,cap122,C1,45,0.303,450000.0,630833.725
nsga2,cap122,C1,45,0.303,462500.0,629555.75
nsga2,cap122,C1,45,0.303,475000.0,628927.075
nsga2,cap122,C1,45,0.303,487500.0,628644.5
nsga2,cap122,C1,45,0.303,500000.0,627650.6625
nsga2,cap122,C1,45,0.303,512500.0,627362.85
nsga2,cap122,C1,45,0.303,525000.0,626128.3125
nsga2,cap122,C1,45,0.303,537500.0,625995.1
nsga2,cap122,C1,45,0.303,550000.0,625748.3375
nsga2,cap122,C1,46,0.339,37500.0,1441713.6875
nsga2,cap122,C1,46,0.339,50000.0,941686.15
nsga2,cap122,C1,46,0.339,62500.0,839443.6875
nsga2,cap122,C1,46,0.339,75000.0,800644.4375
nsga2,cap122,C1,46,0.339,87500.0,778710.65
nsga2,cap122,C1,46,0.339,100000.0,758266.075
nsga2,cap122,C1,46,0.339,112500.0,743751.025
nsga2,cap122,C1,46,0.339,125000.0,730488.375
nsga2,cap122,C1,46,0.339,137500.0,718668.0
nsga2,cap122,C1,46,0.339,150000.0,707244.9
nsga2,cap122,C1,46,0.339,162500.0,696799.85
nsga2,cap122,C1,46,0.339,175000.0,688439.5625
nsga2,cap122,C1,46,0.339,187500.0,681873.4125
nsga2,cap122,C1,46,0.339,200000.0,676861.5375
nsga2,cap122,C1,46,0.339,212500.0,672032.075
nsga2,cap122,C1,46,0.339,225000.0,667218.8
nsga2,cap122,C1,46,0.339,237500.0,663466.25
nsga2,cap122,C1,46,0.339,250000.0,660426.5625
nsga2,cap122,C1,46,0.339,262500.0,657505.6875
nsga2,cap122,C1,46,0.339,275000.0,654894.0
nsga2,cap122,C1,46,0.339,287500.0,652402.9125
nsga2,cap122,C1,46,0.339,300000.0,649950.6125
nsga2,cap122,C1,46,0.339,312500.0,647641.7375
nsga2,cap122,C1,46,0.339,325000.0,645455.625
nsga2,cap122,C1,46,0.339,337500.0,643292.65
nsga2,cap122,C1,46,0.339,350000.0,641236.4
nsga2,cap122,C1,46,0.339,362500.0,639189.25
nsga2,cap122,C1,46,0.339,375000.0,637641.6125
nsga2,cap122,C1,46,0.339,387500.0,635983.0375
nsga2,cap122,C1,46,0.339,400000.0,634751.3375
nsga2,cap122,C1,46,0.339,412500.0,633405.675
nsga2,cap122,C1,46,0.339,425000.0,632221.8875
nsga2,cap122,C1,46,0.339,437500.0,631579.75
nsga2,cap122,C1,46,0.339,450000.0,630356.3375
nsga2,cap122,C1,46,0.339,462500.0,629721.2625
nsga2,cap122,C1,46,0.339,475000.0,628780.5625
nsga2,cap122,C1,46,0.339,487500.0,627979.975
nsga2,cap122,C1,46,0.339,500000.0,627366.7
nsga2,cap122,C1,46,0.339,512500.0,626731.625
nsga2,cap122,C1,47,0.267,37500.0,1343431.0125
nsga2,cap122,C1,47,0.267,50000.0,880402.75
nsga2,cap122,C1,47,0.267,62500.0,839443.6875
nsga2,cap122,C1,47,0.267,75000.0,800644.4375
nsga2,cap122,C1,47,0.267,87500.0,780457.15
nsga2,cap122,C1,47,0.267,100000.0,758523.3625
nsga2,cap122,C1,47,0.267,112500.0,744008.3125
nsga2,cap122,C1,47,0.267,125000.0,730663.1
nsga2,cap122,C1,47,0.267,137500.0,717400.45
nsga2,cap122,C1,47,0.267,150000.0,705977.35
nsga2,cap122,C1,47,0.267,162500.0,696799.85
nsga2,cap122,C1,47,0.267,175000.0,688439.5625
nsga2,cap122,C1,47,0.267,187500.0,681873.4125
nsga2,cap122,C1,47,0.267,200000.0,676861.5375
nsga2,cap122,C1,47,0.267,212500.0,672032.075
nsga2,cap122,C1,47,0.267,225000.0,667218.8
nsga2,cap122,C1,47,0.267,237500.0,663466.25
nsga2,cap122,C1,47,0.267,250000.0,660426.5625
nsga2,cap122,C1,47,0.267,262500.0,657505.6875
nsga2,cap122,C1,47,0.267,275000.0,654894.0
nsga2,cap122,C1,47,0.267,287500.0,652402.9125
nsga2,cap122,C1,47,0.267,300000.0,649950.6125
nsga2,cap122,C1,47,0.267,312500.0,647641.7375
nsga2,cap122,C1,47,0.267,325000.0,645455.625
nsga2,cap122,C1,47,0.267,337500.0,643292.65
nsga2,cap122,C1,47,0.267,350000.0,641236.4
nsga2,cap122,C1,47,0.267,362500.0,639189.25
nsga2,cap122,C1,47,0.267,375000.0,637641.6125
nsga2,cap122,C1,47,0.267,387500.0,636311.6125
nsga2,cap122,C1,47,0.267,400000.0,635409.2375
nsga2,cap122,C1,47,0.267,412500.0,633421.3375
nsga2,cap122,C1,47,0.267,425000.0,633110.675
nsga2,cap122,C1,47,0.267,437500.0,631799.5375
nsga2,cap122,C1,47,0.267,450000.0,630389.075
nsga2,cap122,C1,47,0.267,462500.0,629801.9125
nsga2,cap122,C1,47,0.267,475000.0,629023.125
nsga2,cap122,C1,47,0.267,487500.0,628639.625
nsga2,cap122,C1,47,0.267,500000.0,627958.275
nsga2,cap122,C1,47,0.267,512500.0,627275.725
nsga2,cap122,C1,48,0.302,37500.0,1076745.75
nsga2,cap122,C1,48,0.302,50000.0,880402.75
nsga2,cap122,C1,48,0.302,62500.0,839443.6875
nsga2,cap122,C1,48,0.302,75000.0,800644.4375
nsga2,cap122,C1,48,0.302,87500.0,778710.65
nsga2,cap122,C1,48,0.302,100000.0,758266.075
nsga2,cap122,C1,48,0.302,112500.0,743751.025
nsga2,cap122,C1,48,0.302,125000.0,730488.375
nsga2,cap122,C1,48,0.302,137500.0,718668.0
nsga2,cap122,C1,48,0.302,150000.0,705977.35
nsga2,cap122,C1,48,0.302,162500.0,696799.85
nsga2,cap122,C1,48,0.302,175000.0,688439.5625
nsga2,cap122,C1,48,0.302,187500.0,681873.4125
nsga2,cap122,C1,48,0.302,200000.0,677060.1375
nsga2,cap122,C1,48,0.302,212500.0,672032.075
nsga2,cap122,C1,48,0.302,225000.0,667218.8
nsga2,cap122,C1,48,0.302,237500.0,663466.25
nsga2,cap122,C1,48,0.302,250000.0,660545.375
nsga2,cap122,C1,48,0.302,262500.0,657505.6875
nsga2,cap122,C1,48,0.302,275000.0,654784.775
nsga2,cap122,C1,48,0.302,287500.0,652293.6875
nsga2,cap122,C1,48,0.302,300000.0,650115.5375
nsga2,cap122,C1,48,0.302,312500.0,648467.1375
nsga2,cap122,C1,48,0.302,325000.0,646202.5125
nsga2,cap122,C1,48,0.302,337500.0,644016.4
nsga2,cap122,C1,48,0.302,350000.0,641960.15
nsga2,cap122,C1,48,0.302,362500.0,639913.0
nsga2,cap122,C1,48,0.302,375000.0,637859.25
nsga2,cap122,C1,48,0.302,387500.0,636012.0875
nsga2,cap122,C1,48,0.302,400000.0,634780.3875
nsga2,cap122,C1,48,0.302,412500.0,633421.3375
nsga2,cap122,C1,48,0.302,425000.0,632221.8875
nsga2,cap122,C1,48,0.302,437500.0,631367.6875
nsga2,cap122,C1,48,0.302,450000.0,630356.3375
nsga2,cap122,C1,48,0.302,462500.0,629588.2625
nsga2,cap122,C1,48,0.302,475000.0,628822.05
nsga2,cap122,C1,48,0.302,487500.0,628787.5625
nsga2,cap122,C1,49,0.313,37500.0,1046351.0375
nsga2,cap122,C1,49,0.313,50000.0,880402.75
nsga2,cap122,C1,49,0.313,62500.0,839443.6875
nsga2,cap122,C1,49,0.313,75000.0,803210.2374999999
nsga2,cap122,C1,49,0.313,87500.0,778710.65
nsga2,cap122,C1,49,0.313,100000.0,758523.3625
nsga2,cap122,C1,49,0.313,112500.0,743751.025
nsga2,cap122,C1,49,0.313,125000.0,730488.375
nsga2,cap122,C1,49,0.313,137500.0,718668.0
nsga2,cap122,C1,49,0.313,150000.0,707244.9
nsga2,cap122,C1,49,0.313,162500.0,696799.85
nsga2,cap122,C1,49,0.313,175000.0,688439.5625
nsga2,cap122,C1,49,0.313,187500.0,682648.475
nsga2,cap122,C1,49,0.313,200000.0,677636.6
nsga2,cap122,C1,49,0.313,212500.0,672807.1375
nsga2,cap122,C1,49,0.313,225000.0,667218.8
nsga2,cap122,C1,49,0.313,237500.0,663466.25
nsga2,cap122,C1,49,0.313,250000.0,660426.5625
nsga2,cap122,C1,49,0.313,262500.0,657505.6875
nsga2,cap122,C1,49,0.313,275000.0,654894.0
nsga2,cap122,C1,49,0.313,287500.0,652402.9125
nsga2,cap122,C1,49,0.313,300000.0,650115.45
nsga2,cap122,C1,49,0.313,312500.0,647952.475
nsga2,cap122,C1,49,0.313,325000.0,645478.7625
nsga2,cap122,C1,49,0.313,337500.0,643545.275
nsga2,cap122,C1,49,0.313,350000.0,641236.4
nsga2,cap122,C1,49,0.313,362500.0,639389.2375
nsga2,cap122,C1,49,0.313,375000.0,637342.0875
nsga2,cap122,C1,49,0.313,387500.0,636012.0875
nsga2,cap122,C1,49,0.313,400000.0,634653.0375
nsga2,cap122,C1,49,0.313,412500.0,633601.8375
nsga2,cap122,C1,49,0.313,425000.0,632354.475
nsga2,cap122,C1,49,0.313,437500.0,631540.125
nsga2,cap122,C1,49,0.313,450000.0,630732.425
nsga2,cap122,C1,49,0.313,462500.0,629964.35
nsga2,cap122,C1,49,0.313,475000.0,629666.375
nsga2,cap122,C1,49,0.313,487500.0,628913.7
nsga2,cap122,C1,49,0.313,500000.0,628363.8125
nsga2,cap122,C1,49,0.313,512500.0,628065.8375
nsga2,cap122,C1,49,0.313,525000.0,627852.075
nsga2,cap122,C1,49,0.313,537500.0,626620.375
nsga2,cap122,C1,50,0.305,37500.0,1115347.5125
nsga2,cap122,C1,50,0.305,50000.0,882653.025
nsga2,cap122,C1,50,0.305,62500.0,844227.1375
nsga2,cap122,C1,50,0.305,75000.0,807689.65
nsga2,cap122,C1,50,0.305,87500.0,785933.9
nsga2,cap122,C1,50,0.305,100000.0,766024.325
nsga2,cap122,C1,50,0.305,112500.0,748278.95
nsga2,cap122,C1,50,0.305,125000.0,731269.8625
nsga2,cap122,C1,50,0.305,137500.0,718056.7125
nsga2,cap122,C1,50,0.305,150000.0,706633.6125
nsga2,cap122,C1,50,0.305,162500.0,697456.1125
nsga2,cap122,C1,50,0.305,175000.0,689159.35
nsga2,cap122,C1,50,0.305,187500.0,681873.4125
nsga2,cap122,C1,50,0.305,200000.0,676861.5375
nsga2,cap122,C1,50,0.305,212500.0,672032.075
nsga2,cap122,C1,50,0.305,225000.0,667218.8
nsga2,cap122,C1,50,0.305,237500.0,663466.25
nsga2,cap122,C1,50,0.305,250000.0,660426.5625
nsga2,cap122,C1,50,0.305,262500.0,657505.6875
nsga2,cap122,C1,50,0.305,275000.0,654894.0
nsga2,cap122,C1,50,0.305,287500.0,652402.9125
nsga2,cap122,C1,50,0.305,300000.0,649950.6125
nsga2,cap122,C1,50,0.305,312500.0,647641.7375
nsga2,cap122,C1,50,0.305,325000.0,645455.625
nsga2,cap122,C1,50,0.305,337500.0,643292.65
nsga2,cap122,C1,50,0.305,350000.0,641236.4
nsga2,cap122,C1,50,0.305,362500.0,639189.25
nsga2,cap122,C1,50,0.305,375000.0,637342.0875
nsga2,cap122,C1,50,0.305,387500.0,635983.0375
nsga2,cap122,C1,50,0.305,400000.0,634653.0375
nsga2,cap122,C1,50,0.305,412500.0,633405.675
nsga2,cap122,C1,50,0.305,425000.0,632354.475
nsga2,cap122,C1,50,0.305,437500.0,631359.625
nsga2,cap122,C1,50,0.305,450000.0,630308.425
nsga2,cap122,C1,50,0.305,462500.0,629588.2625
nsga2,cap122,C1,50,0.305,475000.0,628822.05
nsga2,cap122,C1,50,0.305,487500.0,628053.975
nsga2,cap122,C1,50,0.305,500000.0,627418.9
nsga2,cap122,C1,50,0.305,512500.0,627205.1375
nsga2,cap122,C1,51,0.289,37500.0,1111273.2875
nsga2,cap122,C1,51,0.289,50000.0,880402.75
nsga2,cap122,C1,51,0.289,62500.0,839443.6875
nsga2,cap122,C1,51,0.289,75000.0,800644.4375
nsga2,cap122,C1,51,0.289,87500.0,778710.65
nsga2,cap122,C1,51,0.289,100000.0,758266.075
nsga2,cap122,C1,51,0.289,112500.0,743751.025
nsga2,cap122,C1,51,0.289,125000.0,730663.1
nsga2,cap122,C1,51,0.289,137500.0,718809.55
nsga2,cap122,C1,51,0.289,150000.0,707386.45
nsga2,cap122,C1,51,0.289,162500.0,697617.0625
nsga2,cap122,C1,51,0.289,175000.0,688439.5625
nsga2,cap122,C1,51,0.289,187500.0,681873.4125
nsga2,cap122,C1,51,0.289,200000.0,676861.5375
nsga2,cap122,C1,51,0.289,212500.0,672032.075
nsga2,cap122,C1,51,0.289,225000.0,667218.8
nsga2,cap122,C1,51,0.289,237500.0,663466.25
nsga2,cap122,C1,51,0.289,250000.0,660426.5625
nsga2,cap122,C1,51,0.289,262500.0,657505.6875
nsga2,cap122,C1,51,0.289,275000.0,655014.6
nsga2,cap122,C1,51,0.289,287500.0,652585.125
nsga2,cap122,C1,51,0.289,300000.0,650094.0375
nsga2,cap122,C1,51,0.289,312500.0,647903.4625
nsga2,cap122,C1,51,0.289,325000.0,645717.35
nsga2,cap122,C1,51,0.289,337500.0,643399.375
nsga2,cap122,C1,51,0.289,350000.0,641245.5
nsga2,cap122,C1,51,0.289,362500.0,639189.25
nsga2,cap122,C1,51,0.289,375000.0,637342.0875
nsga2,cap122,C1,51,0.289,387500.0,636012.0875
nsga2,cap122,C1,51,0.289,400000.0,635609.8
nsga2,cap122,C1,51,0.289,412500.0,633580.9375
nsga2,cap122,C1,51,0.289,425000.0,632780.35
nsga2,cap122,C1,51,0.289,437500.0,631421.3
nsga2,cap122,C1,51,0.289,450000.0,630653.225
nsga2,cap122,C1,51,0.289,462500.0,629602.025
nsga2,cap122,C1,51,0.289,475000.0,628988.75
nsga2,cap122,C1,51,0.289,487500.0,628159.25
nsga2,cap122,C1,51,0.289,500000.0,627782.825
nsga2,cap122,C1,51,0.289,512500.0,627574.1
nsga2,cap122,C1,51,0.289,525000.0,626522.9
nsga2,cap122,C1,51,0.289,537500.0,626440.9
vega,cap122,C2,42,1.03,100000.0,935393.7625
vega,cap122,C2,42,1.03,112500.0,784148.2
vega,cap122,C2,42,1.03,125000.0,766535.1124999999
vega,cap122,C2,42,1.03,137500.0,755536.2875
vega,cap122,C2,42,1.03,162500.0,726963.6875
vega,cap122,C2,42,1.03,175000.0,723838.025
vega,cap122,C2,42,1.03,200000.0,713422.4
vega,cap122,C2,42,1.03,212500.0,703272.85
vega,cap122,C2,42,1.03,237500.0,690842.2
vega,cap122,C2,43,1.121,137500.0,876744.575
vega,cap122,C2,43,1.121,150000.0,835291.1625
vega,cap122,C2,43,1.121,162500.0,768505.6625
vega,cap122,C2,43,1.121,175000.0,742066.225
vega,cap122,C2,43,1.121,200000.0,730750.1
vega,cap122,C2,43,1.121,212500.0,721655.5
vega,cap122,C2,43,1.121,225000.0,715305.0625
vega,cap122,C2,43,1.121,250000.0,697164.8
vega,cap122,C2,43,1.121,287500.0,689550.875
vega,cap122,C2,43,1.121,300000.0,684988.625
vega,cap122,C2,44,1.06,150000.0,810834.4625
vega,cap122,C2,44,1.06,175000.0,780678.4625
vega,cap122,C2,44,1.06,187500.0,757819.0125
vega,cap122,C2,44,1.06,200000.0,713020.9625
vega,cap122,C2,44,1.06,237500.0,692887.1625
vega,cap122,C2,44,1.06,262500.0,680648.275
vega,cap122,C2,44,1.06,325000.0,679095.925
vega,cap122,C2,45,1.115,112500.0,861021.4625
vega,cap122,C2,45,1.115,137500.0,760043.175
vega,cap122,C2,45,1.115,162500.0,744125.9625
vega,cap122,C2,45,1.115,175000.0,742769.6625
vega,cap122,C2,45,1.115,187500.0,726159.6125
vega,cap122,C2,45,1.115,200000.0,712269.5375
vega,cap122,C2,45,1.115,237500.0,711258.8375
vega,cap122,C2,45,1.115,250000.0,698711.175
vega,cap122,C2,46,1.026,62500.0,1001793.4125
vega,cap122,C2,46,1.026,100000.0,847293.7625
vega,cap122,C2,46,1.026,112500.0,803353.5625
vega,cap122,C2,46,1.026,125000.0,781889.95
vega,cap122,C2,46,1.026,137500.0,754228.775
vega,cap122,C2,46,1.026,150000.0,739907.1375
vega,cap122,C2,46,1.026,162500.0,738085.45
vega,cap122,C2,46,1.026,187500.0,715470.4125
vega,cap122,C2,46,1.026,212500.0,713792.8875
vega,cap122,C2,46,1.026,250000.0,689371.5625
vega,cap122,C2,47,1.164,112500.0,809757.5
vega,cap122,C2,47,1.164,162500.0,787816.325
vega,cap122,C2,47,1.164,175000.0,755528.225
vega,cap122,C2,47,1.164,187500.0,737138.025
vega,cap122,C2,47,1.164,200000.0,713301.2875
vega,cap122,C2,47,1.164,225000.0,705661.6
vega,cap122,C2,47,1.164,237500.0,701257.8
vega,cap122,C2,47,1.164,250000.0,698335.0875
vega,cap122,C2,47,1.164,262500.0,694599.3625
vega,cap122,C2,48,1.032,100000.0,856833.4249999999
vega,cap122,C2,48,1.032,112500.0,813391.9249999999
vega,cap122,C2,48,1.032,125000.0,791565.8
vega,cap122,C2,48,1.032,137500.0,761106.5
vega,cap122,C2,48,1.032,162500.0,748797.95
vega,cap122,C2,48,1.032,175000.0,738409.9125
vega,cap122,C2,48,1.032,187500.0,713064.0
vega,cap122,C2,49,1.056,87500.0,1198617.1625
vega,cap122,C2,49,1.056,100000.0,1135917.55
vega,cap122,C2,49,1.056,112500.0,813618.1375
vega,cap122,C2,49,1.056,137500.0,768864.6875
vega,cap122,C2,49,1.056,175000.0,750685.925
vega,cap122,C2,49,1.056,200000.0,710338.9875
vega,cap122,C2,49,1.056,212500.0,697892.1625
vega,cap122,C2,49,1.056,250000.0,693848.4
vega,cap122,C2,50,1.065,125000.0,861044.075
vega,cap122,C2,50,1.065,137500.0,781091.725
vega,cap122,C2,50,1.065,150000.0,750530.125
vega,cap122,C2,50,1.065,162500.0,747616.8375
vega,cap122,C2,50,1.065,175000.0,733477.75
vega,cap122,C2,50,1.065,200000.0,714631.4
vega,cap122,C2,50,1.065,225000.0,711387.4875
vega,cap122,C2,50,1.065,250000.0,705114.975
vega,cap122,C2,50,1.065,262500.0,702520.6375
vega,cap122,C2,50,1.065,300000.0,687809.975
vega,cap122,C2,51,1.111,125000.0,807602.2875
vega,cap122,C2,51,1.111,150000.0,798064.0875
vega,cap122,C2,51,1.111,162500.0,751686.5375
vega,cap122,C2,51,1.111,175000.0,751210.025
vega,cap122,C2,51,1.111,187500.0,716333.275
vega,cap122,C2,51,1.111,212500.0,704394.2875
vega,cap122,C2,51,1.111,237500.0,697108.1375
vega,cap122,C2,51,1.111,262500.0,689741.5625
nsga2,cap122,C2,42,1.148,37500.0,1117495.4875
nsga2,cap122,C2,42,1.148,50000.0,880402.75
nsga2,cap122,C2,42,1.148,62500.0,839443.6875
nsga2,cap122,C2,42,1.148,75000.0,800644.4375
nsga2,cap122,C2,42,1.148,87500.0,778710.65
nsga2,cap122,C2,42,1.148,100000.0,758266.075
nsga2,cap122,C2,42,1.148,112500.0,743751.025
nsga2,cap122,C2,42,1.148,125000.0,730488.375
nsga2,cap122,C2,42,1.148,137500.0,717400.45
nsga2,cap122,C2,42,1.148,150000.0,705977.35
nsga2,cap122,C2,42,1.148,162500.0,696799.85
nsga2,cap122,C2,42,1.148,175000.0,688439.5625
nsga2,cap122,C2,42,1.148,187500.0,681873.4125
nsga2,cap122,C2,42,1.148,200000.0,676861.5375
nsga2,cap122,C2,42,1.148,212500.0,672032.075
nsga2,cap122,C2,42,1.148,225000.0,667218.8
nsga2,cap122,C2,42,1.148,237500.0,663466.25
nsga2,cap122,C2,42,1.148,250000.0,660426.5625
nsga2,cap122,C2,42,1.148,262500.0,657396.4625
nsga2,cap122,C2,42,1.148,275000.0,654784.775
nsga2,cap122,C2,42,1.148,287500.0,652293.6875
nsga2,cap122,C2,42,1.148,300000.0,649841.3875
nsga2,cap122,C2,42,1.148,312500.0,647532.5125
nsga2,cap122,C2,42,1.148,325000.0,645346.4
nsga2,cap122,C2,42,1.148,337500.0,643290.15
nsga2,cap122,C2,42,1.148,350000.0,641236.4
nsga2,cap122,C2,42,1.148,362500.0,639189.25
nsga2,cap122,C2,42,1.148,375000.0,637342.0875
nsga2,cap122,C2,42,1.148,387500.0,635983.0375
nsga2,cap122,C2,42,1.148,400000.0,634653.0375
nsga2,cap122,C2,42,1.148,412500.0,633405.675
nsga2,cap122,C2,42,1.148,425000.0,632173.975
nsga2,cap122,C2,42,1.148,437500.0,631122.775
nsga2,cap122,C2,42,1.148,450000.0,630308.425
nsga2,cap122,C2,42,1.148,462500.0,629500.725
nsga2,cap122,C2,42,1.148,475000.0,628732.65
nsga2,cap122,C2,42,1.148,487500.0,627979.975
nsga2,cap122,C2,42,1.148,500000.0,627344.9
nsga2,cap122,C2,42,1.148,512500.0,626731.625
nsga2,cap122,C2,42,1.148,525000.0,626433.65
nsga2,cap122,C2,42,1.148,537500.0,625719.0
nsga2,cap122,C2,42,1.148,550000.0,625625.6625
nsga2,cap122,C2,42,1.148,562500.0,625525.8375
nsga2,cap122,C2,43,1.17,37500.0,1115057.6625
nsga2,cap122,C2,43,1.17,50000.0,880186.6749999999
nsga2,cap122,C2,43,1.17,62500.0,839443.6875
nsga2,cap122,C2,43,1.17,75000.0,800644.4375
nsga2,cap122,C2,43,1.17,87500.0,778710.65
nsga2,cap122,C2,43,1.17,100000.0,758266.075
nsga2,cap122,C2,43,1.17,112500.0,743751.025
nsga2,cap122,C2,43,1.17,125000.0,730663.1
nsga2,cap122,C2,43,1.17,137500.0,717400.45
nsga2,cap122,C2,43,1.17,150000.0,705977.35
nsga2,cap122,C2,43,1.17,162500.0,696799.85
nsga2,cap122,C2,43,1.17,175000.0,688439.5625
nsga2,cap122,C2,43,1.17,187500.0,681873.4125
nsga2,cap122,C2,43,1.17,200000.0,676861.5375
nsga2,cap122,C2,43,1.17,212500.0,672032.075
nsga2,cap122,C2,43,1.17,225000.0,667218.8
nsga2,cap122,C2,43,1.17,237500.0,663466.25
nsga2,cap122,C2,43,1.17,250000.0,660426.5625
nsga2,cap122,C2,43,1.17,262500.0,657505.6875
nsga2,cap122,C2,43,1.17,275000.0,654894.0
nsga2,cap122,C2,43,1.17,287500.0,652402.9125
nsga2,cap122,C2,43,1.17,300000.0,649950.6125
nsga2,cap122,C2,43,1.17,312500.0,647641.7375
nsga2,cap122,C2,43,1.17,325000.0,645455.625
nsga2,cap122,C2,43,1.17,337500.0,643292.65
nsga2,cap122,C2,43,1.17,350000.0,641236.4
nsga2,cap122,C2,43,1.17,362500.0,639189.25
nsga2,cap122,C2,43,1.17,375000.0,637342.0875
nsga2,cap122,C2,43,1.17,387500.0,635983.0375
nsga2,cap122,C2,43,1.17,400000.0,634653.0375
nsga2,cap122,C2,43,1.17,412500.0,633405.675
nsga2,cap122,C2,43,1.17,425000.0,632173.975
nsga2,cap122,C2,43,1.17,437500.0,631122.775
nsga2,cap122,C2,43,1.17,450000.0,630308.425
nsga2,cap122,C2,43,1.17,462500.0,629500.725
nsga2,cap122,C2,43,1.17,475000.0,628732.65
nsga2,cap122,C2,43,1.17,487500.0,627979.975
nsga2,cap122,C2,43,1.17,500000.0,627246.275
nsga2,cap122,C2,43,1.17,512500.0,626611.2
nsga2,cap122,C2,43,1.17,525000.0,625997.925
nsga2,cap122,C2,43,1.17,537500.0,625403.7
nsga2,cap122,C2,43,1.17,550000.0,624879.9625
nsga2,cap122,C2,43,1.17,562500.0,624581.9875
nsga2,cap122,C2,43,1.17,575000.0,624499.9875
nsga2,cap122,C2,44,0.915,37500.0,1093148.4125
nsga2,cap122,C2,44,0.915,50000.0,880402.75
nsga2,cap122,C2,44,0.915,62500.0,839443.6875
nsga2,cap122,C2,44,0.915,75000.0,800644.4375
nsga2,cap122,C2,44,0.915,87500.0,778710.65
nsga2,cap122,C2,44,0.915,100000.0,758266.075
nsga2,cap122,C2,44,0.915,112500.0,743751.025
nsga2,cap122,C2,44,0.915,125000.0,730488.375
nsga2,cap122,C2,44,0.915,137500.0,717400.45
nsga2,cap122,C2,44,0.915,150000.0,705977.35
nsga2,cap122,C2,44,0.915,162500.0,696799.85
nsga2,cap122,C2,44,0.915,175000.0,688439.5625
nsga2,cap122,C2,44,0.915,187500.0,681873.4125
nsga2,cap122,C2,44,0.915,200000.0,676861.5375
nsga2,cap122,C2,44,0.915,212500.0,672032.075
nsga2,cap122,C2,44,0.915,225000.0,667218.8
nsga2,cap122,C2,44,0.915,237500.0,663466.25
nsga2,cap122,C2,44,0.915,250000.0,660426.5625
nsga2,cap122,C2,44,0.915,262500.0,657505.6875
nsga2,cap122,C2,44,0.915,275000.0,654894.0
nsga2,cap122,C2,44,0.915,287500.0,652402.9125
nsga2,cap122,C2,44,0.915,300000.0,649950.6125
nsga2,cap122,C2,44,0.915,312500.0,647641.7375
nsga2,cap122,C2,44,0.915,325000.0,645455.625
nsga2,cap122,C2,44,0.915,337500.0,643292.65
nsga2,cap122,C2,44,0.915,350000.0,641236.4
nsga2,cap122,C2,44,0.915,362500.0,639189.25
nsga2,cap122,C2,44,0.915,375000.0,637342.0875
nsga2,cap122,C2,44,0.915,387500.0,635983.0375
nsga2,cap122,C2,44,0.915,400000.0,634653.0375
nsga2,cap122,C2,44,0.915,412500.0,633405.675
nsga2,cap122,C2,44,0.915,425000.0,632173.975
nsga2,cap122,C2,44,0.915,437500.0,631122.775
nsga2,cap122,C2,44,0.915,450000.0,630308.425
nsga2,cap122,C2,44,0.915,462500.0,629500.725
nsga2,cap122,C2,44,0.915,475000.0,628732.65
nsga2,cap122,C2,44,0.915,487500.0,627979.975
nsga2,cap122,C2,44,0.915,500000.0,627246.275
nsga2,cap122,C2,44,0.915,512500.0,626611.2
nsga2,cap122,C2,44,0.915,525000.0,625997.925
nsga2,cap122,C2,44,0.915,537500.0,625474.1875
nsga2,cap122,C2,44,0.915,550000.0,624879.9625
nsga2,cap122,C2,44,0.915,562500.0,624797.9625
nsga2,cap122,C2,45,0.902,37500.0,1111173.9625
nsga2,cap122,C2,45,0.902,50000.0,880186.6749999999
nsga2,cap122,C2,45,0.902,62500.0,839443.6875
nsga2,cap122,C2,45,0.902,75000.0,800644.4375
nsga2,cap122,C2,45,0.902,87500.0,778710.65
nsga2,cap122,C2,45,0.902,100000.0,758266.075
nsga2,cap122,C2,45,0.902,112500.0,743751.025
nsga2,cap122,C2,45,0.902,125000.0,730488.375
nsga2,cap122,C2,45,0.902,137500.0,717400.45
nsga2,cap122,C2,45,0.902,150000.0,705977.35
nsga2,cap122,C2,45,0.902,162500.0,696799.85
nsga2,cap122,C2,45,0.902,175000.0,688439.5625
nsga2,cap122,C2,45,0.902,187500.0,681873.4125
nsga2,cap122,C2,45,0.902,200000.0,676861.5375
nsga2,cap122,C2,45,0.902,212500.0,672032.075
nsga2,cap122,C2,45,0.902,225000.0,667218.8
nsga2,cap122,C2,45,0.902,237500.0,663466.25
nsga2,cap122,C2,45,0.902,250000.0,660426.5625
nsga2,cap122,C2,45,0.902,262500.0,657505.6875
nsga2,cap122,C2,45,0.902,275000.0,654894.0
nsga2,cap122,C2,45,0.902,287500.0,652402.9125
nsga2,cap122,C2,45,0.902,300000.0,649950.6125
nsga2,cap122,C2,45,0.902,312500.0,647641.7375
nsga2,cap122,C2,45,0.902,325000.0,645455.625
nsga2,cap122,C2,45,0.902,337500.0,643292.65
nsga2,cap122,C2,45,0.902,350000.0,641236.4
nsga2,cap122,C2,45,0.902,362500.0,639189.25
nsga2,cap122,C2,45,0.902,375000.0,637342.0875
nsga2,cap122,C2,45,0.902,387500.0,635983.0375
nsga2,cap122,C2,45,0.902,400000.0,634653.0375
nsga2,cap122,C2,45,0.902,412500.0,633405.675
nsga2,cap122,C2,45,0.902,425000.0,632173.975
nsga2,cap122,C2,45,0.902,437500.0,631122.775
nsga2,cap122,C2,45,0.902,450000.0,630308.425
nsga2,cap122,C2,45,0.902,462500.0,629500.725
nsga2,cap122,C2,45,0.902,475000.0,628732.65
nsga2,cap122,C2,45,0.902,487500.0,627979.975
nsga2,cap122,C2,45,0.902,500000.0,627246.275
nsga2,cap122,C2,45,0.902,512500.0,626611.2
nsga2,cap122,C2,45,0.902,525000.0,625997.925
nsga2,cap122,C2,45,0.902,537500.0,625493.2375
nsga2,cap122,C2,45,0.902,550000.0,625303.875
nsga2,cap122,C2,45,0.902,562500.0,624754.1875
nsga2,cap122,C2,45,0.902,575000.0,624467.0375
nsga2,cap122,C2,46,0.871,37500.0,1103619.9625
nsga2,cap122,C2,46,0.871,50000.0,880402.75
nsga2,cap122,C2,46,0.871,62500.0,839443.6875
nsga2,cap122,C2,46,0.871,75000.0,800644.4375
nsga2,cap122,C2,46,0.871,87500.0,778710.65
nsga2,cap122,C2,46,0.871,100000.0,758266.075
nsga2,cap122,C2,46,0.871,112500.0,743751.025
nsga2,cap122,C2,46,0.871,125000.0,730488.375
nsga2,cap122,C2,46,0.871,137500.0,718668.0
nsga2,cap122,C2,46,0.871,150000.0,706633.6125
nsga2,cap122,C2,46,0.871,162500.0,696799.85
nsga2,cap122,C2,46,0.871,175000.0,688439.5625
nsga2,cap122,C2,46,0.871,187500.0,681873.4125
nsga2,cap122,C2,46,0.871,200000.0,676861.5375
nsga2,cap122,C2,46,0.871,212500.0,672032.075
nsga2,cap122,C2,46,0.871,225000.0,667218.8
nsga2,cap122,C2,46,0.871,237500.0,663466.25
nsga2,cap122,C2,46,0.871,250000.0,660426.5625
nsga2,cap122,C2,46,0.871,262500.0,657505.6875
nsga2,cap122,C2,46,0.871,275000.0,654894.0
nsga2,cap122,C2,46,0.871,287500.0,652402.9125
nsga2,cap122,C2,46,0.871,300000.0,649950.6125
nsga2,cap122,C2,46,0.871,312500.0,647641.7375
nsga2,cap122,C2,46,0.871,325000.0,645455.625
nsga2,cap122,C2,46,0.871,337500.0,643292.65
nsga2,cap122,C2,46,0.871,350000.0,641236.4
nsga2,cap122,C2,46,0.871,362500.0,639189.25
nsga2,cap122,C2,46,0.871,375000.0,637342.0875
nsga2,cap122,C2,46,0.871,387500.0,635983.0375
nsga2,cap122,C2,46,0.871,400000.0,634653.0375
nsga2,cap122,C2,46,0.871,412500.0,633421.3375
nsga2,cap122,C2,46,0.871,425000.0,632173.975
nsga2,cap122,C2,46,0.871,437500.0,631122.775
nsga2,cap122,C2,46,0.871,450000.0,630308.425
nsga2,cap122,C2,46,0.871,462500.0,629500.725
nsga2,cap122,C2,46,0.871,475000.0,628732.65
nsga2,cap122,C2,46,0.871,487500.0,627979.975
nsga2,cap122,C2,46,0.871,500000.0,627246.275
nsga2,cap122,C2,46,0.871,512500.0,626611.2
nsga2,cap122,C2,46,0.871,525000.0,625997.925
nsga2,cap122,C2,46,0.871,537500.0,625740.8
nsga2,cap122,C2,46,0.871,550000.0,625189.9375
nsga2,cap122,C2,46,0.871,562500.0,625117.2375
nsga2,cap122,C2,46,0.871,575000.0,624368.225
nsga2,cap122,C2,47,0.916,37500.0,1103136.875
nsga2,cap122,C2,47,0.916,50000.0,880402.75
nsga2,cap122,C2,47,0.916,62500.0,839443.6875
nsga2,cap122,C2,47,0.916,75000.0,800644.4375
nsga2,cap122,C2,47,0.916,87500.0,778710.65
nsga2,cap122,C2,47,0.916,100000.0,758266.075
nsga2,cap122,C2,47,0.916,112500.0,743751.025
nsga2,cap122,C2,47,0.916,125000.0,730488.375
nsga2,cap122,C2,47,0.916,137500.0,717400.45
nsga2,cap122,C2,47,0.916,150000.0,705977.35
nsga2,cap122,C2,47,0.916,162500.0,696799.85
nsga2,cap122,C2,47,0.916,175000.0,688439.5625
nsga2,cap122,C2,47,0.916,187500.0,681873.4125
nsga2,cap122,C2,47,0.916,200000.0,676861.5375
nsga2,cap122,C2,47,0.916,212500.0,672032.075
nsga2,cap122,C2,47,0.916,225000.0,667218.8
nsga2,cap122,C2,47,0.916,237500.0,663466.25
nsga2,cap122,C2,47,0.916,250000.0,660426.5625
nsga2,cap122,C2,47,0.916,262500.0,657505.6875
nsga2,cap122,C2,47,0.916,275000.0,654894.0
nsga2,cap122,C2,47,0.916,287500.0,652402.9125
nsga2,cap122,C2,47,0.916,300000.0,649950.6125
nsga2,cap122,C2,47,0.916,312500.0,647641.7375
nsga2,cap122,C2,47,0.916,325000.0,645455.625
nsga2,cap122,C2,47,0.916,337500.0,643292.65
nsga2,cap122,C2,47,0.916,350000.0,641236.4
nsga2,cap122,C2,47,0.916,362500.0,639189.25
nsga2,cap122,C2,47,0.916,375000.0,637342.0875
nsga2,cap122,C2,47,0.916,387500.0,635983.0375
nsga2,cap122,C2,47,0.916,400000.0,634653.0375
nsga2,cap122,C2,47,0.916,412500.0,633405.675
nsga2,cap122,C2,47,0.916,425000.0,632173.975
nsga2,cap122,C2,47,0.916,437500.0,631122.775
nsga2,cap122,C2,47,0.916,450000.0,630308.425
nsga2,cap122,C2,47,0.916,462500.0,629500.725
nsga2,cap122,C2,47,0.916,475000.0,628732.65
nsga2,cap122,C2,47,0.916,487500.0,627979.975
nsga2,cap122,C2,47,0.916,500000.0,627246.275
nsga2,cap122,C2,47,0.916,512500.0,626611.2
nsga2,cap122,C2,47,0.916,525000.0,625997.925
nsga2,cap122,C2,47,0.916,537500.0,625403.7
nsga2,cap122,C2,47,0.916,550000.0,624879.9625
nsga2,cap122,C2,47,0.916,562500.0,624581.9875
nsga2,cap122,C2,47,0.916,575000.0,624368.225
nsga2,cap122,C2,47,0.916,587500.0,624253.275
nsga2,cap122,C2,47,0.916,600000.0,624153.45
nsga2,cap122,C2,47,0.916,612500.0,624071.45
nsga2,cap122,C2,48,0.877,37500.0,1072463.2625
nsga2,cap122,C2,48,0.877,50000.0,880402.75
nsga2,cap122,C2,48,0.877,62500.0,839443.6875
nsga2,cap122,C2,48,0.877,75000.0,800644.4375
nsga2,cap122,C2,48,0.877,87500.0,778710.65
nsga2,cap122,C2,48,0.877,100000.0,758266.075
nsga2,cap122,C2,48,0.877,112500.0,743751.025
nsga2,cap122,C2,48,0.877,125000.0,730488.375
nsga2,cap122,C2,48,0.877,137500.0,717400.45
nsga2,cap122,C2,48,0.877,150000.0,705977.35
nsga2,cap122,C2,48,0.877,162500.0,696799.85
nsga2,cap122,C2,48,0.877,175000.0,688439.5625
nsga2,cap122,C2,48,0.877,187500.0,681873.4125
nsga2,cap122,C2,48,0.877,200000.0,676861.5375
nsga2,cap122,C2,48,0.877,212500.0,672032.075
nsga2,cap122,C2,48,0.877,225000.0,667218.8
nsga2,cap122,C2,48,0.877,237500.0,663466.25
nsga2,cap122,C2,48,0.877,250000.0,660426.5625
nsga2,cap122,C2,48,0.877,262500.0,657505.6875
nsga2,cap122,C2,48,0.877,275000.0,654894.0
nsga2,cap122,C2,48,0.877,287500.0,652402.9125
nsga2,cap122,C2,48,0.877,300000.0,649950.6125
nsga2,cap122,C2,48,0.877,312500.0,647641.7375
nsga2,cap122,C2,48,0.877,325000.0,645455.625
nsga2,cap122,C2,48,0.877,337500.0,643292.65
nsga2,cap122,C2,48,0.877,350000.0,641236.4
nsga2,cap122,C2,48,0.877,362500.0,639189.25
nsga2,cap122,C2,48,0.877,375000.0,637342.0875
nsga2,cap122,C2,48,0.877,387500.0,635983.0375
nsga2,cap122,C2,48,0.877,400000.0,634653.0375
nsga2,cap122,C2,48,0.877,412500.0,633405.675
nsga2,cap122,C2,48,0.877,425000.0,632173.975
nsga2,cap122,C2,48,0.877,437500.0,631122.775
nsga2,cap122,C2,48,0.877,450000.0,630308.425
nsga2,cap122,C2,48,0.877,462500.0,629500.725
nsga2,cap122,C2,48,0.877,475000.0,628732.65
nsga2,cap122,C2,48,0.877,487500.0,627979.975
nsga2,cap122,C2,48,0.877,500000.0,627246.275
nsga2,cap122,C2,48,0.877,512500.0,626611.2
nsga2,cap122,C2,48,0.877,525000.0,625997.925
nsga2,cap122,C2,48,0.877,537500.0,625403.7
nsga2,cap122,C2,48,0.877,550000.0,625176.2125
nsga2,cap122,C2,48,0.877,562500.0,624581.9875
nsga2,cap122,C2,48,0.877,575000.0,624482.1625
nsga2,cap122,C2,49,0.87,37500.0,1076745.75
nsga2,cap122,C2,49,0.87,50000.0,880186.6749999999
nsga2,cap122,C2,49,0.87,62500.0,839443.6875
nsga2,cap122,C2,49,0.87,75000.0,800644.4375
nsga2,cap122,C2,49,0.87,87500.0,778710.65
nsga2,cap122,C2,49,0.87,100000.0,758266.075
nsga2,cap122,C2,49,0.87,112500.0,743751.025
nsga2,cap122,C2,49,0.87,125000.0,730488.375
nsga2,cap122,C2,49,0.87,137500.0,718668.0
nsga2,cap122,C2,49,0.87,150000.0,707244.9
nsga2,cap122,C2,49,0.87,162500.0,696799.85
nsga2,cap122,C2,49,0.87,175000.0,688439.5625
nsga2,cap122,C2,49,0.87,187500.0,681873.4125
nsga2,cap122,C2,49,0.87,200000.0,676861.5375
nsga2,cap122,C2,49,0.87,212500.0,672032.075
nsga2,cap122,C2,49,0.87,225000.0,667218.8
nsga2,cap122,C2,49,0.87,237500.0,663466.25
nsga2,cap122,C2,49,0.87,250000.0,660426.5625
nsga2,cap122,C2,49,0.87,262500.0,657396.4625
nsga2,cap122,C2,49,0.87,275000.0,654784.775
nsga2,cap122,C2,49,0.87,287500.0,652293.6875
nsga2,cap122,C2,49,0.87,300000.0,649841.3875
nsga2,cap122,C2,49,0.87,312500.0,647532.5125
nsga2,cap122,C2,49,0.87,325000.0,645346.4
nsga2,cap122,C2,49,0.87,337500.0,643290.15
nsga2,cap122,C2,49,0.87,350000.0,641236.4
nsga2,cap122,C2,49,0.87,362500.0,639189.25
nsga2,cap122,C2,49,0.87,375000.0,637342.0875
nsga2,cap122,C2,49,0.87,387500.0,635983.0375
nsga2,cap122,C2,49,0.87,400000.0,634653.0375
nsga2,cap122,C2,49,0.87,412500.0,633405.675
nsga2,cap122,C2,49,0.87,425000.0,632173.975
nsga2,cap122,C2,49,0.87,437500.0,631122.775
nsga2,cap122,C2,49,0.87,450000.0,630308.425
nsga2,cap122,C2,49,0.87,462500.0,629500.725
nsga2,cap122,C2,49,0.87,475000.0,628732.65
nsga2,cap122,C2,49,0.87,487500.0,627979.975
nsga2,cap122,C2,49,0.87,500000.0,627344.9
nsga2,cap122,C2,49,0.87,512500.0,626821.1625
nsga2,cap122,C2,49,0.87,525000.0,626207.8875
nsga2,cap122,C2,49,0.87,537500.0,625909.9125
nsga2,cap122,C2,49,0.87,550000.0,625701.1875
nsga2,cap122,C2,49,0.87,562500.0,625200.7375
nsga2,cap122,C2,49,0.87,575000.0,625100.9125
nsga2,cap122,C2,50,0.876,37500.0,1084977.0
nsga2,cap122,C2,50,0.876,50000.0,880402.75
nsga2,cap122,C2,50,0.876,62500.0,839443.6875
nsga2,cap122,C2,50,0.876,75000.0,800644.4375
nsga2,cap122,C2,50,0.876,87500.0,778710.65
nsga2,cap122,C2,50,0.876,100000.0,758266.075
nsga2,cap122,C2,50,0.876,112500.0,743751.025
nsga2,cap122,C2,50,0.876,125000.0,730488.375
nsga2,cap122,C2,50,0.876,137500.0,718668.0
nsga2,cap122,C2,50,0.876,150000.0,705977.35
nsga2,cap122,C2,50,0.876,162500.0,696799.85
nsga2,cap122,C2,50,0.876,175000.0,688439.5625
nsga2,cap122,C2,50,0.876,187500.0,681873.4125
nsga2,cap122,C2,50,0.876,200000.0,676861.5375
nsga2,cap122,C2,50,0.876,212500.0,672032.075
nsga2,cap122,C2,50,0.876,225000.0,667218.8
nsga2,cap122,C2,50,0.876,237500.0,663466.25
nsga2,cap122,C2,50,0.876,250000.0,660426.5625
nsga2,cap122,C2,50,0.876,262500.0,657505.6875
nsga2,cap122,C2,50,0.876,275000.0,654894.0
nsga2,cap122,C2,50,0.876,287500.0,652402.9125
nsga2,cap122,C2,50,0.876,300000.0,649950.6125
nsga2,cap122,C2,50,0.876,312500.0,647641.7375
nsga2,cap122,C2,50,0.876,325000.0,645455.625
nsga2,cap122,C2,50,0.876,337500.0,643292.65
nsga2,cap122,C2,50,0.876,350000.0,641236.4
nsga2,cap122,C2,50,0.876,362500.0,639189.25
nsga2,cap122,C2,50,0.876,375000.0,637342.0875
nsga2,cap122,C2,50,0.876,387500.0,635983.0375
nsga2,cap122,C2,50,0.876,400000.0,634653.0375
nsga2,cap122,C2,50,0.876,412500.0,633405.675
nsga2,cap122,C2,50,0.876,425000.0,632173.975
nsga2,cap122,C2,50,0.876,437500.0,631122.775
nsga2,cap122,C2,50,0.876,450000.0,630308.425
nsga2,cap122,C2,50,0.876,462500.0,629500.725
nsga2,cap122,C2,50,0.876,475000.0,628732.65
nsga2,cap122,C2,50,0.876,487500.0,627979.975
nsga2,cap122,C2,50,0.876,500000.0,627246.275
nsga2,cap122,C2,50,0.876,512500.0,626731.625
nsga2,cap122,C2,50,0.876,525000.0,626038.775
nsga2,cap122,C2,50,0.876,537500.0,625403.7
nsga2,cap122,C2,50,0.876,550000.0,625360.025
nsga2,cap122,C2,50,0.876,562500.0,624797.9625
nsga2,cap122,C2,51,0.857,37500.0,1084977.0
nsga2,cap122,C2,51,0.857,50000.0,880402.75
nsga2,cap122,C2,51,0.857,62500.0,839443.6875
nsga2,cap122,C2,51,0.857,75000.0,800644.4375
nsga2,cap122,C2,51,0.857,87500.0,778710.65
nsga2,cap122,C2,51,0.857,100000.0,758266.075
nsga2,cap122,C2,51,0.857,112500.0,743751.025
nsga2,cap122,C2,51,0.857,125000.0,730488.375
nsga2,cap122,C2,51,0.857,137500.0,717400.45
nsga2,cap122,C2,51,0.857,150000.0,705977.35
nsga2,cap122,C2,51,0.857,162500.0,696799.85
nsga2,cap122,C2,51,0.857,175000.0,688439.5625
nsga2,cap122,C2,51,0.857,187500.0,681873.4125
nsga2,cap122,C2,51,0.857,200000.0,676861.5375
nsga2,cap122,C2,51,0.857,212500.0,672032.075
nsga2,cap122,C2,51,0.857,225000.0,667218.8
nsga2,cap122,C2,51,0.857,237500.0,663466.25
nsga2,cap122,C2,51,0.857,250000.0,660426.5625
nsga2,cap122,C2,51,0.857,262500.0,657396.4625
nsga2,cap122,C2,51,0.857,275000.0,654784.775
nsga2,cap122,C2,51,0.857,287500.0,652293.6875
nsga2,cap122,C2,51,0.857,300000.0,649841.3875
nsga2,cap122,C2,51,0.857,312500.0,647641.7375
nsga2,cap122,C2,51,0.857,325000.0,645455.625
nsga2,cap122,C2,51,0.857,337500.0,643292.65
nsga2,cap122,C2,51,0.857,350000.0,641236.4
nsga2,cap122,C2,51,0.857,362500.0,639189.25
nsga2,cap122,C2,51,0.857,375000.0,637342.0875
nsga2,cap122,C2,51,0.857,387500.0,635983.0375
nsga2,cap122,C2,51,0.857,400000.0,634653.0375
nsga2,cap122,C2,51,0.857,412500.0,633405.675
nsga2,cap122,C2,51,0.857,425000.0,632173.975
nsga2,cap122,C2,51,0.857,437500.0,631122.775
nsga2,cap122,C2,51,0.857,450000.0,630308.425
nsga2,cap122,C2,51,0.857,462500.0,629500.725
nsga2,cap122,C2,51,0.857,475000.0,628732.65
nsga2,cap122,C2,51,0.857,487500.0,627979.975
nsga2,cap122,C2,51,0.857,500000.0,627246.275
nsga2,cap122,C2,51,0.857,512500.0,626611.2
nsga2,cap122,C2,51,0.857,525000.0,625997.925
nsga2,cap122,C2,51,0.857,537500.0,625575.9
nsga2,cap122,C2,51,0.857,550000.0,625052.1625
vega,cap122,C3,42,3.51,137500.0,976986.5625
vega,cap122,C3,42,3.51,150000.0,882749.625
vega,cap122,C3,42,3.51,162500.0,773243.5
vega,cap122,C3,42,3.51,187500.0,745108.225
vega,cap122,C3,42,3.51,200000.0,741978.2125
vega,cap122,C3,42,3.51,212500.0,717664.0
vega,cap122,C3,42,3.51,237500.0,705779.375
vega,cap122,C3,42,3.51,250000.0,697087.9375
vega,cap122,C3,42,3.51,275000.0,694906.875
vega,cap122,C3,42,3.51,287500.0,693724.5875
vega,cap122,C3,42,3.51,300000.0,682809.85
vega,cap122,C3,43,3.552,162500.0,849128.6375
vega,cap122,C3,43,3.552,175000.0,781118.2375
vega,cap122,C3,43,3.552,200000.0,741313.925
vega,cap122,C3,43,3.552,212500.0,735860.45
vega,cap122,C3,43,3.552,225000.0,708178.0625
vega,cap122,C3,43,3.552,262500.0,696217.9625
vega,cap122,C3,43,3.552,275000.0,686165.925
vega,cap122,C3,43,3.552,312500.0,673919.6375
vega,cap122,C3,43,3.552,375000.0,666981.05
vega,cap122,C3,44,3.56,175000.0,757471.4249999999
vega,cap122,C3,44,3.56,200000.0,742589.0375
vega,cap122,C3,44,3.56,212500.0,738419.7625
vega,cap122,C3,44,3.56,225000.0,722517.0625
vega,cap122,C3,44,3.56,237500.0,717021.4
vega,cap122,C3,44,3.56,250000.0,713350.7625
vega,cap122,C3,44,3.56,262500.0,709699.25
vega,cap122,C3,44,3.56,275000.0,685771.1625
vega,cap122,C3,44,3.56,312500.0,681625.2875
vega,cap122,C3,44,3.56,337500.0,676725.925
vega,cap122,C3,45,3.955,150000.0,771999.0625
vega,cap122,C3,45,3.955,200000.0,764012.5
vega,cap122,C3,45,3.955,212500.0,743485.0375
vega,cap122,C3,45,3.955,225000.0,723854.2875
vega,cap122,C3,45,3.955,237500.0,705771.4375
vega,cap122,C3,45,3.955,250000.0,705233.925
vega,cap122,C3,45,3.955,262500.0,682303.4875
vega,cap122,C3,45,3.955,275000.0,672815.0375
vega,cap122,C3,45,3.955,312500.0,670986.975
vega,cap122,C3,46,3.398,162500.0,888615.05
vega,cap122,C3,46,3.398,175000.0,779978.1875
vega,cap122,C3,46,3.398,187500.0,729266.6125
vega,cap122,C3,46,3.398,225000.0,719626.3
vega,cap122,C3,46,3.398,237500.0,704631.9625
vega,cap122,C3,46,3.398,250000.0,693465.9125
vega,cap122,C3,46,3.398,262500.0,676134.55
vega,cap122,C3,47,3.766,112500.0,1173712.2625
vega,cap122,C3,47,3.766,137500.0,915167.6625
vega,cap122,C3,47,3.766,150000.0,855332.025
vega,cap122,C3,47,3.766,175000.0,811874.9875
vega,cap122,C3,47,3.766,187500.0,752637.025
vega,cap122,C3,47,3.766,200000.0,720741.7875
vega,cap122,C3,47,3.766,225000.0,717542.4
vega,cap122,C3,47,3.766,237500.0,705245.1375
vega,cap122,C3,47,3.766,262500.0,702320.0375
vega,cap122,C3,47,3.766,275000.0,691058.7125
vega,cap122,C3,47,3.766,325000.0,673453.4875
vega,cap122,C3,48,3.306,162500.0,778615.2125
vega,cap122,C3,48,3.306,187500.0,723345.85
vega,cap122,C3,48,3.306,225000.0,719170.3875
vega,cap122,C3,48,3.306,237500.0,703988.0
vega,cap122,C3,48,3.306,250000.0,703654.225
vega,cap122,C3,48,3.306,262500.0,693406.4
vega,cap122,C3,48,3.306,287500.0,687682.9375
vega,cap122,C3,48,3.306,300000.0,684196.0125
vega,cap122,C3,48,3.306,312500.0,682032.6
vega,cap122,C3,48,3.306,325000.0,674807.5125
vega,cap122,C3,48,3.306,337500.0,673767.525
vega,cap122,C3,49,3.444,125000.0,827773.625
vega,cap122,C3,49,3.444,162500.0,759127.5375
vega,cap122,C3,49,3.444,175000.0,758242.475
vega,cap122,C3,49,3.444,187500.0,725276.9125
vega,cap122,C3,49,3.444,250000.0,713287.2375
vega,cap122,C3,49,3.444,262500.0,702347.2875
vega,cap122,C3,49,3.444,350000.0,672279.425
vega,cap122,C3,50,3.451,162500.0,843209.85
vega,cap122,C3,50,3.451,175000.0,744240.425
vega,cap122,C3,50,3.451,200000.0,713621.1875
vega,cap122,C3,50,3.451,237500.0,712196.1875
vega,cap122,C3,50,3.451,250000.0,699786.9875
vega,cap122,C3,50,3.451,262500.0,697470.6375
vega,cap122,C3,50,3.451,275000.0,687247.1875
vega,cap122,C3,50,3.451,287500.0,679484.6375
vega,cap122,C3,50,3.451,300000.0,673444.9
vega,cap122,C3,51,3.488,125000.0,948404.425
vega,cap122,C3,51,3.488,150000.0,924913.175
vega,cap122,C3,51,3.488,162500.0,838594.4375
vega,cap122,C3,51,3.488,175000.0,738907.5375
vega,cap122,C3,51,3.488,187500.0,730552.025
vega,cap122,C3,51,3.488,225000.0,709726.5875
vega,cap122,C3,51,3.488,250000.0,690799.125
vega,cap122,C3,51,3.488,300000.0,687528.3125
nsga2,cap122,C3,42,3.835,37500.0,1072463.2625
nsga2,cap122,C3,42,3.835,50000.0,880402.75
nsga2,cap122,C3,42,3.835,62500.0,839443.6875
nsga2,cap122,C3,42,3.835,75000.0,800644.4375
nsga2,cap122,C3,42,3.835,87500.0,778710.65
nsga2,cap122,C3,42,3.835,100000.0,758266.075
nsga2,cap122,C3,42,3.835,112500.0,743751.025
nsga2,cap122,C3,42,3.835,125000.0,730488.375
nsga2,cap122,C3,42,3.835,137500.0,717400.45
nsga2,cap122,C3,42,3.835,150000.0,705977.35
nsga2,cap122,C3,42,3.835,162500.0,696799.85
nsga2,cap122,C3,42,3.835,175000.0,688439.5625
nsga2,cap122,C3,42,3.835,187500.0,681873.4125
nsga2,cap122,C3,42,3.835,200000.0,676861.5375
nsga2,cap122,C3,42,3.835,212500.0,672032.075
nsga2,cap122,C3,42,3.835,225000.0,667218.8
nsga2,cap122,C3,42,3.835,237500.0,663466.25
nsga2,cap122,C3,42,3.835,250000.0,660426.5625
nsga2,cap122,C3,42,3.835,262500.0,657505.6875
nsga2,cap122,C3,42,3.835,275000.0,654894.0
nsga2,cap122,C3,42,3.835,287500.0,652402.9125
nsga2,cap122,C3,42,3.835,300000.0,649950.6125
nsga2,cap122,C3,42,3.835,312500.0,647641.7375
nsga2,cap122,C3,42,3.835,325000.0,645455.625
nsga2,cap122,C3,42,3.835,337500.0,643292.65
nsga2,cap122,C3,42,3.835,350000.0,641236.4
nsga2,cap122,C3,42,3.835,362500.0,639189.25
nsga2,cap122,C3,42,3.835,375000.0,637342.0875
nsga2,cap122,C3,42,3.835,387500.0,635983.0375
nsga2,cap122,C3,42,3.835,400000.0,634653.0375
nsga2,cap122,C3,42,3.835,412500.0,633405.675
nsga2,cap122,C3,42,3.835,425000.0,632173.975
nsga2,cap122,C3,42,3.835,437500.0,631122.775
nsga2,cap122,C3,42,3.835,450000.0,630308.425
nsga2,cap122,C3,42,3.835,462500.0,629500.725
nsga2,cap122,C3,42,3.835,475000.0,628732.65
nsga2,cap122,C3,42,3.835,487500.0,627979.975
nsga2,cap122,C3,42,3.835,500000.0,627246.275
nsga2,cap122,C3,42,3.835,512500.0,626611.2
nsga2,cap122,C3,42,3.835,525000.0,625997.925
nsga2,cap122,C3,42,3.835,537500.0,625403.7
nsga2,cap122,C3,42,3.835,550000.0,624879.9625
nsga2,cap122,C3,42,3.835,562500.0,624581.9875
nsga2,cap122,C3,42,3.835,575000.0,624368.225
nsga2,cap122,C3,42,3.835,587500.0,624253.275
nsga2,cap122,C3,42,3.835,600000.0,624153.45
nsga2,cap122,C3,42,3.835,612500.0,624071.45
nsga2,cap122,C3,43,3.79,37500.0,1084977.0
nsga2,cap122,C3,43,3.79,50000.0,880402.75
nsga2,cap122,C3,43,3.79,62500.0,839443.6875
nsga2,cap122,C3,43,3.79,75000.0,800644.4375
nsga2,cap122,C3,43,3.79,87500.0,778710.65
nsga2,cap122,C3,43,3.79,100000.0,758266.075
nsga2,cap122,C3,43,3.79,112500.0,743751.025
nsga2,cap122,C3,43,3.79,125000.0,730488.375
nsga2,cap122,C3,43,3.79,137500.0,717400.45
nsga2,cap122,C3,43,3.79,150000.0,705977.35
nsga2,cap122,C3,43,3.79,162500.0,696799.85
nsga2,cap122,C3,43,3.79,175000.0,688439.5625
nsga2,cap122,C3,43,3.79,187500.0,681873.4125
nsga2,cap122,C3,43,3.79,200000.0,676861.5375
nsga2,cap122,C3,43,3.79,212500.0,672032.075
nsga2,cap122,C3,43,3.79,225000.0,667218.8
nsga2,cap122,C3,43,3.79,237500.0,663466.25
nsga2,cap122,C3,43,3.79,250000.0,660426.5625
nsga2,cap122,C3,43,3.79,262500.0,657505.6875
nsga2,cap122,C3,43,3.79,275000.0,654894.0
nsga2,cap122,C3,43,3.79,287500.0,652402.9125
nsga2,cap122,C3,43,3.79,300000.0,649950.6125
nsga2,cap122,C3,43,3.79,312500.0,647641.7375
nsga2,cap122,C3,43,3.79,325000.0,645455.625
nsga2,cap122,C3,43,3.79,337500.0,643292.65
nsga2,cap122,C3,43,3.79,350000.0,641236.4
nsga2,cap122,C3,43,3.79,362500.0,639189.25
nsga2,cap122,C3,43,3.79,375000.0,637342.0875
nsga2,cap122,C3,43,3.79,387500.0,635983.0375
nsga2,cap122,C3,43,3.79,400000.0,634653.0375
nsga2,cap122,C3,43,3.79,412500.0,633405.675
nsga2,cap122,C3,43,3.79,425000.0,632173.975
nsga2,cap122,C3,43,3.79,437500.0,631122.775
nsga2,cap122,C3,43,3.79,450000.0,630308.425
nsga2,cap122,C3,43,3.79,462500.0,629500.725
nsga2,cap122,C3,43,3.79,475000.0,628732.65
nsga2,cap122,C3,43,3.79,487500.0,627979.975
nsga2,cap122,C3,43,3.79,500000.0,627246.275
nsga2,cap122,C3,43,3.79,512500.0,626611.2
nsga2,cap122,C3,43,3.79,525000.0,625997.925
nsga2,cap122,C3,43,3.79,537500.0,625403.7
nsga2,cap122,C3,43,3.79,550000.0,624879.9625
nsga2,cap122,C3,43,3.79,562500.0,624581.9875
nsga2,cap122,C3,43,3.79,575000.0,624467.0375
nsga2,cap122,C3,43,3.79,587500.0,624253.275
nsga2,cap122,C3,43,3.79,600000.0,624153.45
nsga2,cap122,C3,44,3.175,37500.0,1076745.75
nsga2,cap122,C3,44,3.175,50000.0,880402.75
nsga2,cap122,C3,44,3.175,62500.0,839443.6875
nsga2,cap122,C3,44,3.175,75000.0,800644.4375
nsga2,cap122,C3,44,3.175,87500.0,778710.65
nsga2,cap122,C3,44,3.175,100000.0,758266.075
nsga2,cap122,C3,44,3.175,112500.0,743751.025
nsga2,cap122,C3,44,3.175,125000.0,730488.375
nsga2,cap122,C3,44,3.175,137500.0,717400.45
nsga2,cap122,C3,44,3.175,150000.0,705977.35
nsga2,cap122,C3,44,3.175,162500.0,696799.85
nsga2,cap122,C3,44,3.175,175000.0,688439.5625
nsga2,cap122,C3,44,3.175,187500.0,681873.4125
nsga2,cap122,C3,44,3.175,200000.0,676861.5375
nsga2,cap122,C3,44,3.175,212500.0,672032.075
nsga2,cap122,C3,44,3.175,225000.0,667218.8
nsga2,cap122,C3,44,3.175,237500.0,663466.25
nsga2,cap122,C3,44,3.175,250000.0,660426.5625
nsga2,cap122,C3,44,3.175,262500.0,657505.6875
nsga2,cap122,C3,44,3.175,275000.0,654894.0
nsga2,cap122,C3,44,3.175,287500.0,652402.9125
nsga2,cap122,C3,44,3.175,300000.0,649950.6125
nsga2,cap122,C3,44,3.175,312500.0,647641.7375
nsga2,cap122,C3,44,3.175,325000.0,645455.625
nsga2,cap122,C3,44,3.175,337500.0,643292.65
nsga2,cap122,C3,44,3.175,350000.0,641236.4
nsga2,cap122,C3,44,3.175,362500.0,639189.25
nsga2,cap122,C3,44,3.175,375000.0,637342.0875
nsga2,cap122,C3,44,3.175,387500.0,635983.0375
nsga2,cap122,C3,44,3.175,400000.0,634653.0375
nsga2,cap122,C3,44,3.175,412500.0,633405.675
nsga2,cap122,C3,44,3.175,425000.0,632173.975
nsga2,cap122,C3,44,3.175,437500.0,631122.775
nsga2,cap122,C3,44,3.175,450000.0,630308.425
nsga2,cap122,C3,44,3.175,462500.0,629500.725
nsga2,cap122,C3,44,3.175,475000.0,628732.65
nsga2,cap122,C3,44,3.175,487500.0,627979.975
nsga2,cap122,C3,44,3.175,500000.0,627246.275
nsga2,cap122,C3,44,3.175,512500.0,626611.2
nsga2,cap122,C3,44,3.175,525000.0,625997.925
nsga2,cap122,C3,44,3.175,537500.0,625403.7
nsga2,cap122,C3,44,3.175,550000.0,624879.9625
nsga2,cap122,C3,44,3.175,562500.0,624581.9875
nsga2,cap122,C3,44,3.175,575000.0,624368.225
nsga2,cap122,C3,44,3.175,587500.0,624253.275
nsga2,cap122,C3,44,3.175,600000.0,624153.45
nsga2,cap122,C3,44,3.175,612500.0,624071.45
nsga2,cap122,C3,45,3.118,37500.0,1063303.925
nsga2,cap122,C3,45,3.118,50000.0,880402.75
nsga2,cap122,C3,45,3.118,62500.0,839443.6875
nsga2,cap122,C3,45,3.118,75000.0,800644.4375
nsga2,cap122,C3,45,3.118,87500.0,778710.65
nsga2,cap122,C3,45,3.118,100000.0,758266.075
nsga2,cap122,C3,45,3.118,112500.0,743751.025
nsga2,cap122,C3,45,3.118,125000.0,730488.375
nsga2,cap122,C3,45,3.118,137500.0,717400.45
nsga2,cap122,C3,45,3.118,150000.0,705977.35
nsga2,cap122,C3,45,3.118,162500.0,696799.85
nsga2,cap122,C3,45,3.118,175000.0,688439.5625
nsga2,cap122,C3,45,3.118,187500.0,681873.4125
nsga2,cap122,C3,45,3.118,200000.0,676861.5375
nsga2,cap122,C3,45,3.118,212500.0,672032.075
nsga2,cap122,C3,45,3.118,225000.0,667218.8
nsga2,cap122,C3,45,3.118,237500.0,663466.25
nsga2,cap122,C3,45,3.118,250000.0,660426.5625
nsga2,cap122,C3,45,3.118,262500.0,657505.6875
nsga2,cap122,C3,45,3.118,275000.0,654894.0
nsga2,cap122,C3,45,3.118,287500.0,652402.9125
nsga2,cap122,C3,45,3.118,300000.0,649950.6125
nsga2,cap122,C3,45,3.118,312500.0,647532.5125
nsga2,cap122,C3,45,3.118,325000.0,645455.625
nsga2,cap122,C3,45,3.118,337500.0,643292.65
nsga2,cap122,C3,45,3.118,350000.0,641236.4
nsga2,cap122,C3,45,3.118,362500.0,639189.25
nsga2,cap122,C3,45,3.118,375000.0,637342.0875
nsga2,cap122,C3,45,3.118,387500.0,635983.0375
nsga2,cap122,C3,45,3.118,400000.0,634653.0375
nsga2,cap122,C3,45,3.118,412500.0,633405.675
nsga2,cap122,C3,45,3.118,425000.0,632173.975
nsga2,cap122,C3,45,3.118,437500.0,631122.775
nsga2,cap122,C3,45,3.118,450000.0,630308.425
nsga2,cap122,C3,45,3.118,462500.0,629500.725
nsga2,cap122,C3,45,3.118,475000.0,628732.65
nsga2,cap122,C3,45,3.118,487500.0,627979.975
nsga2,cap122,C3,45,3.118,500000.0,627246.275
nsga2,cap122,C3,45,3.118,512500.0,626611.2
nsga2,cap122,C3,45,3.118,525000.0,625997.925
nsga2,cap122,C3,45,3.118,537500.0,625403.7
nsga2,cap122,C3,45,3.118,550000.0,624879.9625
nsga2,cap122,C3,45,3.118,562500.0,624581.9875
nsga2,cap122,C3,45,3.118,575000.0,624368.225
nsga2,cap122,C3,45,3.118,587500.0,624286.225
nsga2,cap122,C3,46,3.174,37500.0,1076745.75
nsga2,cap122,C3,46,3.174,50000.0,880186.6749999999
nsga2,cap122,C3,46,3.174,62500.0,839443.6875
nsga2,cap122,C3,46,3.174,75000.0,800644.4375
nsga2,cap122,C3,46,3.174,87500.0,778710.65
nsga2,cap122,C3,46,3.174,100000.0,758266.075
nsga2,cap122,C3,46,3.174,112500.0,743751.025
nsga2,cap122,C3,46,3.174,125000.0,730488.375
nsga2,cap122,C3,46,3.174,137500.0,717400.45
nsga2,cap122,C3,46,3.174,150000.0,705977.35
nsga2,cap122,C3,46,3.174,162500.0,696799.85
nsga2,cap122,C3,46,3.174,175000.0,688439.5625
nsga2,cap122,C3,46,3.174,187500.0,681873.4125
nsga2,cap122,C3,46,3.174,200000.0,676861.5375
nsga2,cap122,C3,46,3.174,212500.0,672032.075
nsga2,cap122,C3,46,3.174,225000.0,667218.8
nsga2,cap122,C3,46,3.174,237500.0,663466.25
nsga2,cap122,C3,46,3.174,250000.0,660426.5625
nsga2,cap122,C3,46,3.174,262500.0,657505.6875
nsga2,cap122,C3,46,3.174,275000.0,654894.0
nsga2,cap122,C3,46,3.174,287500.0,652332.475
nsga2,cap122,C3,46,3.174,300000.0,649950.6125
nsga2,cap122,C3,46,3.174,312500.0,647641.7375
nsga2,cap122,C3,46,3.174,325000.0,645455.625
nsga2,cap122,C3,46,3.174,337500.0,643292.65
nsga2,cap122,C3,46,3.174,350000.0,641236.4
nsga2,cap122,C3,46,3.174,362500.0,639189.25
nsga2,cap122,C3,46,3.174,375000.0,637342.0875
nsga2,cap122,C3,46,3.174,387500.0,635983.0375
nsga2,cap122,C3,46,3.174,400000.0,634653.0375
nsga2,cap122,C3,46,3.174,412500.0,633405.675
nsga2,cap122,C3,46,3.174,425000.0,632173.975
nsga2,cap122,C3,46,3.174,437500.0,631122.775
nsga2,cap122,C3,46,3.174,450000.0,630308.425
nsga2,cap122,C3,46,3.174,462500.0,629500.725
nsga2,cap122,C3,46,3.174,475000.0,628732.65
nsga2,cap122,C3,46,3.174,487500.0,627979.975
nsga2,cap122,C3,46,3.174,500000.0,627246.275
nsga2,cap122,C3,46,3.174,512500.0,626611.2
nsga2,cap122,C3,46,3.174,525000.0,625997.925
nsga2,cap122,C3,46,3.174,537500.0,625403.7
nsga2,cap122,C3,46,3.174,550000.0,624879.9625
nsga2,cap122,C3,46,3.174,562500.0,624581.9875
nsga2,cap122,C3,46,3.174,575000.0,624467.0375
nsga2,cap122,C3,46,3.174,587500.0,624367.2125
nsga2,cap122,C3,47,3.106,37500.0,1085097.55
nsga2,cap122,C3,47,3.106,50000.0,880402.75
nsga2,cap122,C3,47,3.106,62500.0,839443.6875
nsga2,cap122,C3,47,3.106,75000.0,800644.4375
nsga2,cap122,C3,47,3.106,87500.0,778710.65
nsga2,cap122,C3,47,3.106,100000.0,758266.075
nsga2,cap122,C3,47,3.106,112500.0,743751.025
nsga2,cap122,C3,47,3.106,125000.0,730488.375
nsga2,cap122,C3,47,3.106,137500.0,717400.45
nsga2,cap122,C3,47,3.106,150000.0,705977.35
nsga2,cap122,C3,47,3.106,162500.0,696799.85
nsga2,cap122,C3,47,3.106,175000.0,688439.5625
nsga2,cap122,C3,47,3.106,187500.0,681873.4125
nsga2,cap122,C3,47,3.106,200000.0,676861.5375
nsga2,cap122,C3,47,3.106,212500.0,672032.075
nsga2,cap122,C3,47,3.106,225000.0,667218.8
nsga2,cap122,C3,47,3.106,237500.0,663466.25
nsga2,cap122,C3,47,3.106,250000.0,660426.5625
nsga2,cap122,C3,47,3.106,262500.0,657505.6875
nsga2,cap122,C3,47,3.106,275000.0,654894.0
nsga2,cap122,C3,47,3.106,287500.0,652402.9125
nsga2,cap122,C3,47,3.106,300000.0,649950.6125
nsga2,cap122,C3,47,3.106,312500.0,647641.7375
nsga2,cap122,C3,47,3.106,325000.0,645455.625
nsga2,cap122,C3,47,3.106,337500.0,643292.65
nsga2,cap122,C3,47,3.106,350000.0,641236.4
nsga2,cap122,C3,47,3.106,362500.0,639189.25
nsga2,cap122,C3,47,3.106,375000.0,637342.0875
nsga2,cap122,C3,47,3.106,387500.0,635983.0375
nsga2,cap122,C3,47,3.106,400000.0,634653.0375
nsga2,cap122,C3,47,3.106,412500.0,633405.675
nsga2,cap122,C3,47,3.106,425000.0,632173.975
nsga2,cap122,C3,47,3.106,437500.0,631122.775
nsga2,cap122,C3,47,3.106,450000.0,630308.425
nsga2,cap122,C3,47,3.106,462500.0,629500.725
nsga2,cap122,C3,47,3.106,475000.0,628732.65
nsga2,cap122,C3,47,3.106,487500.0,627979.975
nsga2,cap122,C3,47,3.106,500000.0,627246.275
nsga2,cap122,C3,47,3.106,512500.0,626611.2
nsga2,cap122,C3,47,3.106,525000.0,625997.925
nsga2,cap122,C3,47,3.106,537500.0,625403.7
nsga2,cap122,C3,47,3.106,550000.0,624879.9625
nsga2,cap122,C3,47,3.106,562500.0,624581.9875
nsga2,cap122,C3,47,3.106,575000.0,624368.225
nsga2,cap122,C3,47,3.106,587500.0,624268.4
nsga2,cap122,C3,48,3.134,37500.0,1111684.3125
nsga2,cap122,C3,48,3.134,50000.0,880402.75
nsga2,cap122,C3,48,3.134,62500.0,839443.6875
nsga2,cap122,C3,48,3.134,75000.0,800644.4375
nsga2,cap122,C3,48,3.134,87500.0,778710.65
nsga2,cap122,C3,48,3.134,100000.0,758266.075
nsga2,cap122,C3,48,3.134,112500.0,743751.025
nsga2,cap122,C3,48,3.134,125000.0,730488.375
nsga2,cap122,C3,48,3.134,137500.0,717400.45
nsga2,cap122,C3,48,3.134,150000.0,705977.35
nsga2,cap122,C3,48,3.134,162500.0,696799.85
nsga2,cap122,C3,48,3.134,175000.0,688439.5625
nsga2,cap122,C3,48,3.134,187500.0,681873.4125
nsga2,cap122,C3,48,3.134,200000.0,676861.5375
nsga2,cap122,C3,48,3.134,212500.0,672032.075
nsga2,cap122,C3,48,3.134,225000.0,667218.8
nsga2,cap122,C3,48,3.134,237500.0,663466.25
nsga2,cap122,C3,48,3.134,250000.0,660426.5625
nsga2,cap122,C3,48,3.134,262500.0,657505.6875
nsga2,cap122,C3,48,3.134,275000.0,654894.0
nsga2,cap122,C3,48,3.134,287500.0,652402.9125
nsga2,cap122,C3,48,3.134,300000.0,649950.6125
nsga2,cap122,C3,48,3.134,312500.0,647641.7375
nsga2,cap122,C3,48,3.134,325000.0,645455.625
nsga2,cap122,C3,48,3.134,337500.0,643292.65
nsga2,cap122,C3,48,3.134,350000.0,641236.4
nsga2,cap122,C3,48,3.134,362500.0,639189.25
nsga2,cap122,C3,48,3.134,375000.0,637342.0875
nsga2,cap122,C3,48,3.134,387500.0,635983.0375
nsga2,cap122,C3,48,3.134,400000.0,634653.0375
nsga2,cap122,C3,48,3.134,412500.0,633405.675
nsga2,cap122,C3,48,3.134,425000.0,632173.975
nsga2,cap122,C3,48,3.134,437500.0,631122.775
nsga2,cap122,C3,48,3.134,450000.0,630308.425
nsga2,cap122,C3,48,3.134,462500.0,629500.725
nsga2,cap122,C3,48,3.134,475000.0,628732.65
nsga2,cap122,C3,48,3.134,487500.0,627979.975
nsga2,cap122,C3,48,3.134,500000.0,627246.275
nsga2,cap122,C3,48,3.134,512500.0,626611.2
nsga2,cap122,C3,48,3.134,525000.0,625997.925
nsga2,cap122,C3,48,3.134,537500.0,625403.7
nsga2,cap122,C3,48,3.134,550000.0,624879.9625
nsga2,cap122,C3,48,3.134,562500.0,624581.9875
nsga2,cap122,C3,48,3.134,575000.0,624368.225
nsga2,cap122,C3,48,3.134,587500.0,624253.275
nsga2,cap122,C3,49,3.08,37500.0,1047506.6375
nsga2,cap122,C3,49,3.08,50000.0,880186.6749999999
nsga2,cap122,C3,49,3.08,62500.0,839443.6875
nsga2,cap122,C3,49,3.08,75000.0,800644.4375
nsga2,cap122,C3,49,3.08,87500.0,778710.65
nsga2,cap122,C3,49,3.08,100000.0,758266.075
nsga2,cap122,C3,49,3.08,112500.0,743751.025
nsga2,cap122,C3,49,3.08,125000.0,730488.375
nsga2,cap122,C3,49,3.08,137500.0,718056.7125
nsga2,cap122,C3,49,3.08,150000.0,705977.35
nsga2,cap122,C3,49,3.08,162500.0,696799.85
nsga2,cap122,C3,49,3.08,175000.0,688439.5625
nsga2,cap122,C3,49,3.08,187500.0,681873.4125
nsga2,cap122,C3,49,3.08,200000.0,676861.5375
nsga2,cap122,C3,49,3.08,212500.0,672032.075
nsga2,cap122,C3,49,3.08,225000.0,667218.8
nsga2,cap122,C3,49,3.08,237500.0,663466.25
nsga2,cap122,C3,49,3.08,250000.0,660426.5625
nsga2,cap122,C3,49,3.08,262500.0,657396.4625
nsga2,cap122,C3,49,3.08,275000.0,654784.775
nsga2,cap122,C3,49,3.08,287500.0,652293.6875
nsga2,cap122,C3,49,3.08,300000.0,649841.3875
nsga2,cap122,C3,49,3.08,312500.0,647532.5125
nsga2,cap122,C3,49,3.08,325000.0,645346.4
nsga2,cap122,C3,49,3.08,337500.0,643290.15
nsga2,cap122,C3,49,3.08,350000.0,641236.4
nsga2,cap122,C3,49,3.08,362500.0,639189.25
nsga2,cap122,C3,49,3.08,375000.0,637342.0875
nsga2,cap122,C3,49,3.08,387500.0,635983.0375
nsga2,cap122,C3,49,3.08,400000.0,634653.0375
nsga2,cap122,C3,49,3.08,412500.0,633405.675
nsga2,cap122,C3,49,3.08,425000.0,632173.975
nsga2,cap122,C3,49,3.08,437500.0,631122.775
nsga2,cap122,C3,49,3.08,450000.0,630308.425
nsga2,cap122,C3,49,3.08,462500.0,629500.725
nsga2,cap122,C3,49,3.08,475000.0,628732.65
nsga2,cap122,C3,49,3.08,487500.0,627979.975
nsga2,cap122,C3,49,3.08,500000.0,627246.275
nsga2,cap122,C3,49,3.08,512500.0,626611.2
nsga2,cap122,C3,49,3.08,525000.0,625997.925
nsga2,cap122,C3,49,3.08,537500.0,625403.7
nsga2,cap122,C3,49,3.08,550000.0,624879.9625
nsga2,cap122,C3,49,3.08,562500.0,624581.9875
nsga2,cap122,C3,49,3.08,575000.0,624368.225
nsga2,cap122,C3,49,3.08,587500.0,624253.275
nsga2,cap122,C3,49,3.08,600000.0,624153.45
nsga2,cap122,C3,50,3.139,37500.0,1076745.75
nsga2,cap122,C3,50,3.139,50000.0,880186.6749999999
nsga2,cap122,C3,50,3.139,62500.0,839443.6875
nsga2,cap122,C3,50,3.139,75000.0,800644.4375
nsga2,cap122,C3,50,3.139,87500.0,778710.65
nsga2,cap122,C3,50,3.139,100000.0,758266.075
nsga2,cap122,C3,50,3.139,112500.0,743751.025
nsga2,cap122,C3,50,3.139,125000.0,730488.375
nsga2,cap122,C3,50,3.139,137500.0,717400.45
nsga2,cap122,C3,50,3.139,150000.0,705977.35
nsga2,cap122,C3,50,3.139,162500.0,696799.85
nsga2,cap122,C3,50,3.139,175000.0,688439.5625
nsga2,cap122,C3,50,3.139,187500.0,681873.4125
nsga2,cap122,C3,50,3.139,200000.0,676861.5375
nsga2,cap122,C3,50,3.139,212500.0,672032.075
nsga2,cap122,C3,50,3.139,225000.0,667218.8
nsga2,cap122,C3,50,3.139,237500.0,663466.25
nsga2,cap122,C3,50,3.139,250000.0,660426.5625
nsga2,cap122,C3,50,3.139,262500.0,657505.6875
nsga2,cap122,C3,50,3.139,275000.0,654894.0
nsga2,cap122,C3,50,3.139,287500.0,652293.6875
nsga2,cap122,C3,50,3.139,300000.0,649841.3875
nsga2,cap122,C3,50,3.139,312500.0,647532.5125
nsga2,cap122,C3,50,3.139,325000.0,645346.4
nsga2,cap122,C3,50,3.139,337500.0,643290.15
nsga2,cap122,C3,50,3.139,350000.0,641236.4
nsga2,cap122,C3,50,3.139,362500.0,639189.25
nsga2,cap122,C3,50,3.139,375000.0,637342.0875
nsga2,cap122,C3,50,3.139,387500.0,635983.0375
nsga2,cap122,C3,50,3.139,400000.0,634653.0375
nsga2,cap122,C3,50,3.139,412500.0,633405.675
nsga2,cap122,C3,50,3.139,425000.0,632173.975
nsga2,cap122,C3,50,3.139,437500.0,631122.775
nsga2,cap122,C3,50,3.139,450000.0,630308.425
nsga2,cap122,C3,50,3.139,462500.0,629500.725
nsga2,cap122,C3,50,3.139,475000.0,628732.65
nsga2,cap122,C3,50,3.139,487500.0,627979.975
nsga2,cap122,C3,50,3.139,500000.0,627246.275
nsga2,cap122,C3,50,3.139,512500.0,626611.2
nsga2,cap122,C3,50,3.139,525000.0,625997.925
nsga2,cap122,C3,50,3.139,537500.0,625403.7
nsga2,cap122,C3,50,3.139,550000.0,624879.9625
nsga2,cap122,C3,50,3.139,562500.0,624581.9875
nsga2,cap122,C3,50,3.139,575000.0,624368.225
nsga2,cap122,C3,50,3.139,587500.0,624253.275
nsga2,cap122,C3,51,3.117,37500.0,1083034.5
nsga2,cap122,C3,51,3.117,50000.0,880402.75
nsga2,cap122,C3,51,3.117,62500.0,839443.6875
nsga2,cap122,C3,51,3.117,75000.0,800644.4375
nsga2,cap122,C3,51,3.117,87500.0,778710.65
nsga2,cap122,C3,51,3.117,100000.0,758266.075
nsga2,cap122,C3,51,3.117,112500.0,743751.025
nsga2,cap122,C3,51,3.117,125000.0,730488.375
nsga2,cap122,C3,51,3.117,137500.0,717400.45
nsga2,cap122,C3,51,3.117,150000.0,705977.35
nsga2,cap122,C3,51,3.117,162500.0,696799.85
nsga2,cap122,C3,51,3.117,175000.0,688439.5625
nsga2,cap122,C3,51,3.117,187500.0,681873.4125
nsga2,cap122,C3,51,3.117,200000.0,676861.5375
nsga2,cap122,C3,51,3.117,212500.0,672032.075
nsga2,cap122,C3,51,3.117,225000.0,667218.8
nsga2,cap122,C3,51,3.117,237500.0,663466.25
nsga2,cap122,C3,51,3.117,250000.0,660426.5625
nsga2,cap122,C3,51,3.117,262500.0,657396.4625
nsga2,cap122,C3,51,3.117,275000.0,654784.775
nsga2,cap122,C3,51,3.117,287500.0,652293.6875
nsga2,cap122,C3,51,3.117,300000.0,649841.3875
nsga2,cap122,C3,51,3.117,312500.0,647532.5125
nsga2,cap122,C3,51,3.117,325000.0,645346.4
nsga2,cap122,C3,51,3.117,337500.0,643290.15
nsga2,cap122,C3,51,3.117,350000.0,641236.4
nsga2,cap122,C3,51,3.117,362500.0,639189.25
nsga2,cap122,C3,51,3.117,375000.0,637342.0875
nsga2,cap122,C3,51,3.117,387500.0,635983.0375
nsga2,cap122,C3,51,3.117,400000.0,634653.0375
nsga2,cap122,C3,51,3.117,412500.0,633405.675
nsga2,cap122,C3,51,3.117,425000.0,632173.975
nsga2,cap122,C3,51,3.117,437500.0,631122.775
nsga2,cap122,C3,51,3.117,450000.0,630308.425
nsga2,cap122,C3,51,3.117,462500.0,629500.725
nsga2,cap122,C3,51,3.117,475000.0,628732.65
nsga2,cap122,C3,51,3.117,487500.0,627979.975
nsga2,cap122,C3,51,3.117,500000.0,627246.275
nsga2,cap122,C3,51,3.117,512500.0,626611.2
nsga2,cap122,C3,51,3.117,525000.0,625997.925
nsga2,cap122,C3,51,3.117,537500.0,625403.7
nsga2,cap122,C3,51,3.117,550000.0,624879.9625
nsga2,cap122,C3,51,3.117,562500.0,624666.2
nsga2,cap122,C3,51,3.117,575000.0,624368.225
